date,evi,ndvi,region
2000-02-18,0.19209994887657048,0.3058721584262094,Cauca
2000-03-05,0.330629282203135,0.5306617099903466,Cauca
2000-03-21,0.3152943501664279,0.47910426342179746,Cauca
2000-04-06,0.3506040097127702,0.5433457242207216,Cauca
2000-04-22,0.3241534834160665,0.48009474735606406,Cauca
2000-05-08,0.2661996375395795,0.4173889333660236,Cauca
2000-05-24,0.35813449358159677,0.591181052177926,Cauca
2000-06-09,0.36482632814133054,0.5491302092831258,Cauca
2000-06-25,0.34020704155087544,0.5381006135808827,Cauca
2000-07-11,0.34168386024982494,0.5530252075055754,Cauca
2000-07-27,0.3474541245658519,0.5074112098574751,Cauca
2000-08-12,0.291195305868551,0.46198568364942055,Cauca
2000-08-28,0.3953894886581051,0.5948200820031105,Cauca
2000-09-13,0.32135222986385387,0.480249867789628,Cauca
2000-09-29,0.34598515472320646,0.5151445192022912,Cauca
2000-10-15,0.3115676912063887,0.4733975575933398,Cauca
2000-10-31,0.35603622920950967,0.5702179073887131,Cauca
2000-11-16,0.28353637692006156,0.4543227706845671,Cauca
2000-12-02,0.37597159371463357,0.6074227691580646,Cauca
2000-12-18,0.3836541844196157,0.591949162452792,Cauca
2001-01-01,0.36888615896124216,0.6074906134273987,Cauca
2001-01-17,0.373194256386733,0.6361723132219044,Cauca
2001-02-02,0.37058147446136563,0.5915950242230731,Cauca
2001-02-18,0.3477099732302356,0.5172021242217925,Cauca
2001-03-06,0.37704387396635086,0.629524790409383,Cauca
2001-03-22,0.390552222094019,0.580906172261462,Cauca
2001-04-07,0.40798286136553696,0.6572317685041481,Cauca
2001-04-23,0.3611267403544777,0.5848302010597404,Cauca
2001-05-09,0.37563692828380474,0.620818648145949,Cauca
2001-05-25,0.37599931378223406,0.6272781925427423,Cauca
2001-06-10,0.29669697239876963,0.4465146422201749,Cauca
2001-06-26,0.28379354390947814,0.45826027819916076,Cauca
2001-07-12,0.37439333356398086,0.593957014454042,Cauca
2001-07-28,0.30389365331927415,0.48053080994630704,Cauca
2001-08-13,0.35571050049843955,0.5679479376946284,Cauca
2001-08-29,0.3436531115209433,0.5982730003383765,Cauca
2001-09-14,0.35822018383862503,0.5918142864208247,Cauca
2001-09-30,0.32433557241180355,0.5105128869950485,Cauca
2001-10-16,0.3422124359586216,0.5315536555986767,Cauca
2001-11-01,0.3948452779713551,0.63089291886033,Cauca
2001-11-17,0.2617625833809625,0.4059585861720568,Cauca
2001-12-03,0.3019904062899658,0.4696086620835229,Cauca
2001-12-19,0.3663489852619729,0.5440612382670852,Cauca
2002-01-01,0.46146127660369596,0.7135451035998062,Cauca
2002-01-17,0.38821955460069413,0.6425087244239098,Cauca
2002-02-02,0.3990295794201622,0.6550798285732188,Cauca
2002-02-18,0.3621299160034792,0.5184386863280567,Cauca
2002-03-06,0.3416924801889833,0.5325753736225296,Cauca
2002-03-22,0.30221326966258144,0.4428058090946443,Cauca
2002-04-07,0.3967177341309146,0.6462930727542765,Cauca
2002-04-23,0.3743831730134322,0.5944968475275263,Cauca
2002-05-09,0.32684808284536804,0.5162640682684845,Cauca
2002-05-25,0.372773597723793,0.6375640335816698,Cauca
2002-06-10,0.40033111428793805,0.6212900751320208,Cauca
2002-06-26,0.37607362020043034,0.597578865625946,Cauca
2002-07-12,0.33582554140508125,0.5088612719103811,Cauca
2002-07-28,0.29770393405885126,0.46062347213744625,Cauca
2002-08-13,0.27329242798988856,0.40887074621926367,Cauca
2002-08-29,0.3634236246313927,0.5490710696570726,Cauca
2002-09-14,0.3582511649213054,0.5078493388612926,Cauca
2002-09-30,0.41914865316303906,0.6456534106372603,Cauca
2002-10-16,0.3459329436260967,0.5207346330476433,Cauca
2002-11-01,0.3259434610709658,0.5248323721364871,Cauca
2002-11-17,0.35434371515425955,0.558943142215355,Cauca
2002-12-03,0.3976338051705717,0.5912880031044763,Cauca
2002-12-19,0.3939439628319986,0.6418732723293032,Cauca
2003-01-01,0.40808519168412594,0.663053276279698,Cauca
2003-01-17,0.4010747646674934,0.6335426423039355,Cauca
2003-02-02,0.3711170023706118,0.5243446708042381,Cauca
2003-02-18,0.3607495823337675,0.5637685067856634,Cauca
2003-03-06,0.4299389025458663,0.6895388035522211,Cauca
2003-03-22,0.37802671509859676,0.577315184405734,Cauca
2003-04-07,0.3074153884342747,0.5200175712034444,Cauca
2003-04-23,0.38614766965214864,0.6009393699847528,Cauca
2003-05-09,0.3274793493571381,0.49297016857545223,Cauca
2003-05-25,0.3923725691661842,0.5955784418373046,Cauca
2003-06-10,0.31434183146005806,0.5087944532353186,Cauca
2003-06-26,0.43088724335464035,0.6723621786188244,Cauca
2003-07-12,0.38158809226740653,0.5947125724295452,Cauca
2003-07-28,0.35178115696183737,0.5860441356115719,Cauca
2003-08-13,0.32226287042416,0.502217807952628,Cauca
2003-08-29,0.35167363434388715,0.5603989403855647,Cauca
2003-09-14,0.2965946539598879,0.4390719004977012,Cauca
2003-09-30,0.34305570567868326,0.5082431093933852,Cauca
2003-10-16,0.38452249994367377,0.6074977448173726,Cauca
2003-11-01,0.40909243501285614,0.6289041781143423,Cauca
2003-11-17,0.3769020997935822,0.6020127899637343,Cauca
2003-12-03,0.361759516420714,0.5748086600969406,Cauca
2003-12-19,0.3029388238543259,0.49320779022436106,Cauca
2004-01-01,0.36349229131752314,0.5887400820190195,Cauca
2004-01-17,0.4062048845806128,0.7021958782145497,Cauca
2004-02-02,0.3939994676650406,0.6830000356556626,Cauca
2004-02-18,0.4014384157369546,0.601600646528168,Cauca
2004-03-05,0.41651213572697,0.5907068156323874,Cauca
2004-03-21,0.3910161492433892,0.6218793883951298,Cauca
2004-04-06,0.40820648383115377,0.59178100814993,Cauca
2004-04-22,0.3296639610794859,0.518260048278283,Cauca
2004-05-08,0.304661105584547,0.4818351163994112,Cauca
2004-05-24,0.3188760956189899,0.5306341250983383,Cauca
2004-06-09,0.3397067342648177,0.584645136103886,Cauca
2004-06-25,0.3641220231323933,0.5791676376778059,Cauca
2004-07-11,0.31323951743647627,0.5469432066076237,Cauca
2004-07-27,0.3437252092072731,0.5700131834712644,Cauca
2004-08-12,0.32773787739570037,0.5288343700256176,Cauca
2004-08-28,0.30567521780409224,0.45853605686559207,Cauca
2004-09-13,0.33307004245470295,0.5814406457617001,Cauca
2004-09-29,0.35312066237910905,0.5446092838095947,Cauca
2004-10-15,0.34940016170175353,0.5945138179834566,Cauca
2004-10-31,0.3437464066453004,0.5511528262055768,Cauca
2004-11-16,0.361185082220283,0.5566003544087645,Cauca
2004-12-02,0.3433791183793135,0.5399795147937685,Cauca
2004-12-18,0.3749535651535005,0.6269646195822479,Cauca
2005-01-01,0.3507714351846512,0.5410413169951325,Cauca
2005-01-17,0.4116805994646959,0.648785296749707,Cauca
2005-02-02,0.2843348343989231,0.44608515159766804,Cauca
2005-02-18,0.3782882765031171,0.587980001379859,Cauca
2005-03-06,0.33476887451249676,0.5363566233622322,Cauca
2005-03-22,0.3702335691031648,0.5281022032560262,Cauca
2005-04-07,0.37732451565486264,0.5506742012421428,Cauca
2005-04-23,0.43665340151396753,0.6629984408192502,Cauca
2005-05-09,0.42015036096541636,0.6810688921909008,Cauca
2005-05-25,0.34738860748294853,0.5429117390796582,Cauca
2005-06-10,0.3535628540007777,0.5350904733228927,Cauca
2005-06-26,0.39933262848022855,0.676212014866856,Cauca
2005-07-12,0.35613727361702696,0.5749734783404835,Cauca
2005-07-28,0.332382861759472,0.48983941504347933,Cauca
2005-08-13,0.3456243498492124,0.5481420802994169,Cauca
2005-08-29,0.31899727509325576,0.4936081148267036,Cauca
2005-09-14,0.35799330231571563,0.5568902033124171,Cauca
2005-09-30,0.28745155654008453,0.502870084429887,Cauca
2005-10-16,0.2915093896628096,0.46128013927413986,Cauca
2005-11-01,0.310993300906118,0.5028954314298524,Cauca
2005-11-17,0.4240744626523308,0.6929334567846633,Cauca
2005-12-03,0.3295748767462218,0.49888854592092696,Cauca
2005-12-19,0.352964337452328,0.6022632729432126,Cauca
2006-01-01,0.3662452155653678,0.5856523747572155,Cauca
2006-01-17,0.3164857133209537,0.4683531293728355,Cauca
2006-02-02,0.39107855702840666,0.6608513014714388,Cauca
2006-02-18,0.3594062014732289,0.604169402082372,Cauca
2006-03-06,0.29567546030530273,0.44994086880532635,Cauca
2006-03-22,0.3576090422413198,0.5559901744571836,Cauca
2006-04-07,0.3889115468422854,0.5748132525084979,Cauca
2006-04-23,0.26935854330490927,0.40267502401068916,Cauca
2006-05-09,0.3977751396710144,0.675398347232268,Cauca
2006-05-25,0.3316130479763844,0.5214845893317649,Cauca
2006-06-10,0.3803049200136438,0.6632936294297435,Cauca
2006-06-26,0.3021994650288431,0.47903996633120716,Cauca
2006-07-12,0.3430127113214374,0.559699746259062,Cauca
2006-07-28,0.3993208754109555,0.6065525240332793,Cauca
2006-08-13,0.37092795306601123,0.576432929589304,Cauca
2006-08-29,0.39590577738766886,0.6242886650180655,Cauca
2006-09-14,0.3946006101783466,0.594805156797032,Cauca
2006-09-30,0.27654914692445376,0.4193289898952179,Cauca
2006-10-16,0.4307433213888765,0.6502292595564272,Cauca
2006-11-01,0.27565252486080566,0.40438106720817696,Cauca
2006-11-17,0.3887672095643646,0.591428237566182,Cauca
2006-12-03,0.36043094566816347,0.6010139681415412,Cauca
2006-12-19,0.3872562970533767,0.5926538387562409,Cauca
2007-01-01,0.37721291007486235,0.6014603871280181,Cauca
2007-01-17,0.4129844825536192,0.651872401376274,Cauca
2007-02-02,0.416194161238492,0.7428041663463207,Cauca
2007-02-18,0.4133514575058841,0.6557106784558081,Cauca
2007-03-06,0.36729249422991245,0.5189095124979854,Cauca
2007-03-22,0.34462764002516905,0.5255267118198026,Cauca
2007-04-07,0.342715441910261,0.5261303396480549,Cauca
2007-04-23,0.3429638490546069,0.50289644781955,Cauca
2007-05-09,0.33765536776947647,0.5066352984728476,Cauca
2007-05-25,0.3231270272979677,0.4818085111370214,Cauca
2007-06-10,0.3350731832266127,0.5151727220034151,Cauca
2007-06-26,0.35069054042438413,0.5891717526270619,Cauca
2007-07-12,0.3918511794528139,0.625647955935812,Cauca
2007-07-28,0.38204164180343786,0.6452601598703906,Cauca
2007-08-13,0.3287966620791054,0.5094564370845202,Cauca
2007-08-29,0.311154083330418,0.5047812520250141,Cauca
2007-09-14,0.31789806330334797,0.5133180090579518,Cauca
2007-09-30,0.32418962753136993,0.5214954162637832,Cauca
2007-10-16,0.31002177778011547,0.4549042081728195,Cauca
2007-11-01,0.296825848767095,0.46615472083701587,Cauca
2007-11-17,0.3453629537766966,0.5837241573361501,Cauca
2007-12-03,0.29403593734217387,0.49277924265095313,Cauca
2007-12-19,0.2804911569444467,0.42978560286845213,Cauca
2008-01-01,0.3723113593310737,0.5753484298597576,Cauca
2008-01-17,0.3335776402226715,0.5221949368588409,Cauca
2008-02-02,0.37016449379261657,0.5440545099717378,Cauca
2008-02-18,0.3375107544923277,0.5096853435856955,Cauca
2008-03-05,0.37826041658847154,0.603875017769892,Cauca
2008-03-21,0.36704323178679965,0.5680568289638768,Cauca
2008-04-06,0.3661210205605345,0.5653121104985427,Cauca
2008-04-22,0.3594658695969447,0.5750641731428203,Cauca
2008-05-08,0.3587828215918965,0.6191321839671545,Cauca
2008-05-24,0.328791615423044,0.5042229839217843,Cauca
2008-06-09,0.3942915771551394,0.6251257769597439,Cauca
2008-06-25,0.38274287127526607,0.6101320646927653,Cauca
2008-07-11,0.38580971227808186,0.5814303136807538,Cauca
2008-07-27,0.35357470790597906,0.5907199031826779,Cauca
2008-08-12,0.3876441146820119,0.6141752623580709,Cauca
2008-08-28,0.40635264105269003,0.6583109545583585,Cauca
2008-09-13,0.39940632841460694,0.5660104720492508,Cauca
2008-09-29,0.3408482021923376,0.4980821857666003,Cauca
2008-10-15,0.34892318659112265,0.5219431270230521,Cauca
2008-10-31,0.3326628797330425,0.520443976406681,Cauca
2008-11-16,0.2725920907678905,0.426234187390168,Cauca
2008-12-02,0.38342516610355937,0.6191681432292588,Cauca
2008-12-18,0.2813995758474807,0.4280023884147245,Cauca
2009-01-01,0.30335217684597193,0.4707707042814693,Cauca
2009-01-17,0.30756939228271124,0.4740716710978942,Cauca
2009-02-02,0.3301434236756071,0.5250806602186249,Cauca
2009-02-18,0.32857138411684045,0.5244997628204732,Cauca
2009-03-06,0.3552236416614011,0.4753177107548084,Cauca
2009-03-22,0.4353754969758279,0.6404983135949637,Cauca
2009-04-07,0.33147510235078403,0.47095689081841985,Cauca
2009-04-23,0.445145084092088,0.6957066092500047,Cauca
2009-05-09,0.38460887429544516,0.5798943637858541,Cauca
2009-05-25,0.38261597333734426,0.6184102826872947,Cauca
2009-06-10,0.3538833309290073,0.5731569384212828,Cauca
2009-06-26,0.31187691217906377,0.4660561422258421,Cauca
2009-07-12,0.3751843422373016,0.5918021339862624,Cauca
2009-07-28,0.32905283825392145,0.5058958992871396,Cauca
2009-08-13,0.35768177362774295,0.5630415409412862,Cauca
2009-08-29,0.3809690757444242,0.6598979368644622,Cauca
2009-09-14,0.40089144982678815,0.5509232089115267,Cauca
2009-09-30,0.3841315716364714,0.6015221625958111,Cauca
2009-10-16,0.368797274773793,0.5383226891345608,Cauca
2009-11-01,0.41204778045528423,0.6391985243859537,Cauca
2009-11-17,0.36194174749625874,0.5638076397805591,Cauca
2009-12-03,0.3640578348827219,0.5498861778838802,Cauca
2009-12-19,0.37473661980098133,0.6589010884014727,Cauca
2010-01-01,0.41822474110160046,0.7049098515700155,Cauca
2010-01-17,0.3868841385775815,0.5938798035197774,Cauca
2010-02-02,0.36360424892951704,0.5863505836098644,Cauca
2010-02-18,0.3145702920172032,0.5493835634664322,Cauca
2010-03-06,0.36567178824618585,0.5261464676757388,Cauca
2010-03-22,0.3815142478115216,0.6254726502100513,Cauca
2010-04-07,0.43657125722051415,0.663615891365051,Cauca
2010-04-23,0.3685326798710857,0.6130618165533296,Cauca
2010-05-09,0.3966244134348106,0.5902955190836892,Cauca
2010-05-25,0.34432690667119653,0.5466171336076294,Cauca
2010-06-10,0.328818751817465,0.518975396637565,Cauca
2010-06-26,0.36216542105701127,0.5823484875849043,Cauca
2010-07-12,0.38152190431980065,0.6466891061647743,Cauca
2010-07-28,0.3871024893630958,0.6232317663475556,Cauca
2010-08-13,0.3726534001011941,0.5961180195471847,Cauca
2010-08-29,0.3629791800936562,0.6030138614675666,Cauca
2010-09-14,0.38415600325190785,0.6015279246555648,Cauca
2010-09-30,0.3972721112660903,0.5987145250153051,Cauca
2010-10-16,0.2693245931954143,0.3730314547012828,Cauca
2010-11-01,0.2442580216177953,0.3464803563732476,Cauca
2010-11-17,0.2681727745754005,0.3954887974900313,Cauca
2010-12-03,0.2848614682893422,0.42915710359488685,Cauca
2010-12-19,0.33292478282880483,0.5240513430037088,Cauca
2011-01-01,0.3729982023612747,0.5967669377682306,Cauca
2011-01-17,0.378061541434955,0.5868814363427388,Cauca
2011-02-02,0.30759857070146207,0.4605371455090653,Cauca
2011-02-18,0.352385087455632,0.5705109204472838,Cauca
2011-03-06,0.41490744668933244,0.6271693956743937,Cauca
2011-03-22,0.3618196137890346,0.6006566232233592,Cauca
2011-04-07,0.3191762141591109,0.48396984634126367,Cauca
2011-04-23,0.3787707463855569,0.6016599939494627,Cauca
2011-05-09,0.37571199670244265,0.5577978287540679,Cauca
2011-05-25,0.342700850684316,0.5576068086868117,Cauca
2011-06-10,0.35321056128003103,0.5918953212080356,Cauca
2011-06-26,0.4208002896032787,0.6750284066046826,Cauca
2011-07-12,0.39824939409707844,0.6069682500482283,Cauca
2011-07-28,0.3809681811877017,0.5891287697908244,Cauca
2011-08-13,0.37228376671022817,0.5865046123893561,Cauca
2011-08-29,0.38211002389170684,0.5764696572770466,Cauca
2011-09-14,0.3886874011901748,0.5350696009749084,Cauca
2011-09-30,0.34962789335603384,0.5005588656224653,Cauca
2011-10-16,0.36193176240704095,0.5018212552681292,Cauca
2011-11-01,0.3300983210186095,0.5161761197962446,Cauca
2011-11-17,0.3698252871006769,0.5328833740887337,Cauca
2011-12-03,0.25729616225133256,0.38983428453315355,Cauca
2011-12-19,0.34200944012587675,0.5551199540219759,Cauca
2012-01-01,0.3620792899317982,0.5941329582157396,Cauca
2012-01-17,0.35286959938973816,0.5883321111051364,Cauca
2012-02-02,0.37221948885261075,0.5310954425327691,Cauca
2012-02-18,0.34846679637120537,0.5572889732198792,Cauca
2012-03-05,0.3356087261682598,0.4835105716979396,Cauca
2012-03-21,0.3373301043699397,0.5179522195304532,Cauca
2012-04-06,0.38144358921333965,0.5398604893365869,Cauca
2012-04-22,0.44487288156860105,0.6801425092614506,Cauca
2012-05-08,0.3177492547361285,0.511586333521118,Cauca
2012-05-24,0.3601956485335408,0.5506817966998657,Cauca
2012-06-09,0.40383441769248457,0.6887891642945672,Cauca
2012-06-25,0.35778722552709297,0.5602643499168088,Cauca
2012-07-11,0.4058494509009207,0.6683095510027361,Cauca
2012-07-27,0.37107361580890935,0.6660206766092195,Cauca
2012-08-12,0.3921487380509552,0.6486173178678585,Cauca
2012-08-28,0.303829135157572,0.46412808811640505,Cauca
2012-09-13,0.3375438126253469,0.5663439804422568,Cauca
2012-09-29,0.2882641282278419,0.44005093792134403,Cauca
2012-10-15,0.35623589414842183,0.5595831361616798,Cauca
2012-10-31,0.3539383264928286,0.5562466520309954,Cauca
2012-11-16,0.32780247677542407,0.5010117832845152,Cauca
2012-12-02,0.314912448597464,0.5160661474119822,Cauca
2012-12-18,0.39686838706758854,0.59229665929841,Cauca
2013-01-01,0.3876120115511973,0.5826997199537024,Cauca
2013-01-17,0.35536305123499345,0.5549783176586549,Cauca
2013-02-02,0.30513159817665325,0.4391851139939495,Cauca
2013-02-18,0.3208437958312384,0.44737257978121814,Cauca
2013-03-06,0.36076444911596506,0.5422329908347044,Cauca
2013-03-22,0.4387060503396757,0.6387818486505265,Cauca
2013-04-07,0.3445685642496114,0.5101022494615801,Cauca
2013-04-23,0.3975878115610189,0.673926128421419,Cauca
2013-05-09,0.2921537065005861,0.44528172030662316,Cauca
2013-05-25,0.36185468278136446,0.5782449670459442,Cauca
2013-06-10,0.37299912191591655,0.5798750991306784,Cauca
2013-06-26,0.37934933171243496,0.6118270225739026,Cauca
2013-07-12,0.3797662474326769,0.5959159057407819,Cauca
2013-07-28,0.3646421064897034,0.5662258066937121,Cauca
2013-08-13,0.344214986845885,0.5286022537007892,Cauca
2013-08-29,0.35186510889805245,0.5581314566175621,Cauca
2013-09-14,0.400778029719369,0.5886707111328644,Cauca
2013-09-30,0.3547222160945185,0.5339964711071117,Cauca
2013-10-16,0.3948244126152003,0.6136277307381099,Cauca
2013-11-01,0.30909821530588466,0.45481902580725647,Cauca
2013-11-17,0.32700906039321864,0.48574224352173867,Cauca
2013-12-03,0.333648039577931,0.5165055318291168,Cauca
2013-12-19,0.4055080724976668,0.6371679360479064,Cauca
2014-01-01,0.37199800560895957,0.5581536780571033,Cauca
2014-01-17,0.3896442157657056,0.5909892588144983,Cauca
2014-02-02,0.3370953959292618,0.48817177216072644,Cauca
2014-02-18,0.27923625597451696,0.4099996172206056,Cauca
2014-03-06,0.26453942859320617,0.39201310279427665,Cauca
2014-03-22,0.38954818031704297,0.60359902462586,Cauca
2014-04-07,0.3646613436083255,0.5719841632485095,Cauca
2014-04-23,0.36288931241492617,0.6058311301541144,Cauca
2014-05-09,0.4379939818470601,0.738832946872182,Cauca
2014-05-25,0.3106456481973122,0.47168123510015386,Cauca
2014-06-10,0.36553941383615446,0.5829011918362923,Cauca
2014-06-26,0.37735638396030197,0.6309295062636101,Cauca
2014-07-12,0.3125423708851888,0.5018323633129452,Cauca
2014-07-28,0.3498694983477025,0.5715437948137537,Cauca
2014-08-13,0.380251282006318,0.559696024866584,Cauca
2014-08-29,0.40657231677683087,0.5988423805556624,Cauca
2014-09-14,0.38659576650818833,0.6156270927936934,Cauca
2014-09-30,0.33732244876920164,0.5235360494937734,Cauca
2014-10-16,0.3547171776419988,0.5403642242465544,Cauca
2014-11-01,0.36999160491819333,0.5724050461058803,Cauca
2014-11-17,0.4378091484261843,0.660342411937792,Cauca
2014-12-03,0.38745267380969745,0.5917883136699927,Cauca
2014-12-19,0.39804776607741305,0.6771686022706056,Cauca
2015-01-01,0.4068196315283616,0.6690502806054218,Cauca
2015-01-17,0.33220327354421253,0.5158180390627886,Cauca
2015-02-02,0.3664276321497141,0.5391991134591981,Cauca
2015-02-18,0.42778605569053335,0.6259078097963859,Cauca
2015-03-06,0.3487916140133836,0.5279167779366821,Cauca
2015-03-22,0.3443514190056551,0.5164682425410033,Cauca
2015-04-07,0.381951842219508,0.5753486876094985,Cauca
2015-04-23,0.44941520401869595,0.6932635639111967,Cauca
2015-05-09,0.3635707992193145,0.5489586476499893,Cauca
2015-05-25,0.31624091695975726,0.47296693542659995,Cauca
2015-06-10,0.34930165907712624,0.5744646436698068,Cauca
2015-06-26,0.36193526066775433,0.5597798451351893,Cauca
2015-07-12,0.352514230648178,0.5795654246312832,Cauca
2015-07-28,0.3483603012972014,0.544385294316489,Cauca
2015-08-13,0.3509520950877484,0.5450366145366305,Cauca
2015-08-29,0.33379925090439583,0.55796071969043,Cauca
2015-09-14,0.3801374263057798,0.5968303727660262,Cauca
2015-09-30,0.315402161366874,0.5419061108326142,Cauca
2015-10-16,0.3344341100654719,0.5431313712781853,Cauca
2015-11-01,0.3857406355360268,0.617236518264064,Cauca
2015-11-17,0.42801787378662165,0.6500515655690945,Cauca
2015-12-03,0.39537334412043074,0.6873953055603264,Cauca
2015-12-19,0.4135779290588029,0.6601867783777866,Cauca
2016-01-01,0.4411912237802975,0.6539928929052025,Cauca
2016-01-17,0.405223987418131,0.6202892255107988,Cauca
2016-02-02,0.3726355698934776,0.5703685606132581,Cauca
2016-02-18,0.07854075610797445,0.10268945856387723,Cauca
2016-03-05,0.33898708256750754,0.47523256880759435,Cauca
2016-03-21,0.32299492176144734,0.5095046113536869,Cauca
2016-04-06,0.3758368344120408,0.5261100938996964,Cauca
2016-04-22,0.37448469379929805,0.6323517883348728,Cauca
2016-05-08,0.3514112066323108,0.5241222327256698,Cauca
2016-05-24,0.40428905911881163,0.6767747417997131,Cauca
2016-06-09,0.332043094002344,0.5104708859307091,Cauca
2016-06-25,0.30706423594954246,0.48634236449878543,Cauca
2016-07-11,0.30653029747848776,0.4726473178632397,Cauca
2016-07-27,0.3353826483425255,0.5485232724890625,Cauca
2016-08-12,0.3674613578921569,0.579961301944052,Cauca
2016-08-28,0.3476306536661128,0.5323638908226908,Cauca
2016-09-13,0.39008572753293025,0.6534667505438441,Cauca
2016-09-29,0.30824138232516,0.4646134814992321,Cauca
2016-10-15,0.33670786085538035,0.5170930792683197,Cauca
2016-10-31,0.36332569131660974,0.5634875750915697,Cauca
2016-11-16,0.42902244406553935,0.6910699460569116,Cauca
2016-12-02,0.36425520326259603,0.52982855413587,Cauca
2016-12-18,0.3475118894494864,0.5167643506241444,Cauca
2017-01-01,0.3801794881593,0.5657581523263745,Cauca
2017-01-17,0.42161489832308513,0.7974876408143812,Cauca
2017-02-02,0.41079193539673725,0.7172189921960693,Cauca
2017-02-18,0.40405150228141823,0.6817129571351395,Cauca
2017-03-06,0.3576502224312362,0.5644044707429106,Cauca
2017-03-22,0.3564450681091035,0.6098176724569117,Cauca
2017-04-07,0.3659949571487446,0.5699772593389365,Cauca
2017-04-23,0.4069577064649366,0.6246507241956252,Cauca
2017-05-09,0.40078529132629065,0.6398267943979468,Cauca
2017-05-25,0.36099028588271415,0.5997208168471024,Cauca
2017-06-10,0.39160635697254015,0.6080333627654932,Cauca
2017-06-26,0.3450891992826738,0.531608544438362,Cauca
2017-07-12,0.4345013595357055,0.676184711596469,Cauca
2017-07-28,0.3726596789077739,0.609285395972387,Cauca
2017-08-13,0.3964694366832887,0.6017089012418512,Cauca
2017-08-29,0.40933416702096015,0.6701922706146833,Cauca
2017-09-14,0.3754399894160565,0.5938578172909558,Cauca
2017-09-30,0.3555982493046577,0.5462438370161912,Cauca
2017-10-16,0.34224795268500063,0.48536793223638897,Cauca
2017-11-01,0.3037896346167653,0.441571149351741,Cauca
2017-11-17,0.29331904056326547,0.4402683178264624,Cauca
2017-12-03,0.356674668014209,0.63486983199384,Cauca
2017-12-19,0.3334029960845631,0.49799615169440414,Cauca
2018-01-01,0.40930530256053976,0.6445883752913202,Cauca
2018-01-17,0.3902732284945368,0.5785483101766126,Cauca
2018-02-02,0.3521213007896394,0.5439587547007761,Cauca
2018-02-18,0.3806501579413216,0.5849778681894391,Cauca
2018-03-06,0.4112322112343978,0.6225051791969309,Cauca
2018-03-22,0.3545666396722551,0.514008956492843,Cauca
2018-04-07,0.3738738979036606,0.574472811767102,Cauca
2018-04-23,0.3258117115172383,0.5024832930768494,Cauca
2018-05-09,0.3805257833954423,0.5999608944407938,Cauca
2018-05-25,0.31227554942770985,0.5023971299775987,Cauca
2018-06-10,0.3307319366948404,0.49435843005626195,Cauca
2018-06-26,0.38743047229805494,0.6305126742120799,Cauca
2018-07-12,0.29755396039351945,0.4626828256116825,Cauca
2018-07-28,0.3757057728561963,0.5850257587727673,Cauca
2018-08-13,0.3500863080065593,0.5345875281879782,Cauca
2018-08-29,0.3506254870563036,0.554864014258686,Cauca
2018-09-14,0.41661597318012694,0.6193950896457945,Cauca
2018-09-30,0.435401397142675,0.6639879636092422,Cauca
2018-10-16,0.36440261324461093,0.5564415683438712,Cauca
2018-11-01,0.36296340783366443,0.5030109239972629,Cauca
2018-11-17,0.34165825415173007,0.5007574096686103,Cauca
2018-12-03,0.391695063494868,0.6059977555094496,Cauca
2018-12-19,0.4246945368088081,0.6610234951270275,Cauca
2019-01-01,0.4104581854694756,0.6894243831323447,Cauca
2019-01-17,0.3276975133040099,0.5280518428456512,Cauca
2019-02-02,0.35359048361305384,0.5534807870842138,Cauca
2019-02-18,0.36576925200367044,0.5918427111094419,Cauca
2019-03-06,0.318942347960195,0.42995227151710086,Cauca
2019-03-22,0.36941058516224584,0.535996746570482,Cauca
2019-04-07,0.3275455672995839,0.5378520155400831,Cauca
2019-04-23,0.37732662461623834,0.5715316746143239,Cauca
2019-05-09,0.3683368913671323,0.5655391034460524,Cauca
2019-05-25,0.4177496960625572,0.647077666310313,Cauca
2019-06-10,0.33954353984617514,0.5151878773977437,Cauca
2019-06-26,0.39234776010907674,0.5943150724841451,Cauca
2019-07-12,0.3413838924576315,0.5349477892123645,Cauca
2019-07-28,0.3365425260004234,0.5074976315678295,Cauca
2019-08-13,0.37589936935495744,0.5885676296138312,Cauca
2019-08-29,0.3565943962979074,0.533427668523475,Cauca
2019-09-14,0.2706754791982518,0.4018100207018411,Cauca
2019-09-30,0.32741099632710713,0.5330391983553906,Cauca
2019-10-16,0.3120020950738015,0.45502799382827525,Cauca
2019-11-01,0.36384802086096873,0.5561515814252502,Cauca
2019-11-17,0.35260449065752797,0.5134394938637722,Cauca
2019-12-03,0.34767353336159207,0.5166938413056713,Cauca
2019-12-19,0.36137763175458754,0.5522572107780283,Cauca
2020-01-01,0.41804834784404193,0.7021391489304172,Cauca
2020-01-17,0.39756111526596044,0.6202729445351076,Cauca
2020-02-02,0.484427337522176,0.7371291709891395,Cauca
2020-02-18,0.3582207207948495,0.5439094285785894,Cauca
2020-03-05,0.3196606123284678,0.4877451359404272,Cauca
2020-03-21,0.44451908859832295,0.6689951181418807,Cauca
2020-04-06,0.3748503644907755,0.5831861545242135,Cauca
2020-04-22,0.36962064068783024,0.5514908186284421,Cauca
2020-05-08,0.36313757684572373,0.5906175972916449,Cauca
2020-05-24,0.40924039089890185,0.6569219695546815,Cauca
2020-06-09,0.4141685914215169,0.6480948144077437,Cauca
2020-06-25,0.34102794419991606,0.5356198499190368,Cauca
2020-07-11,0.3916659968004639,0.6494565769297679,Cauca
2020-07-27,0.3581423386866413,0.5778755971505357,Cauca
2020-08-12,0.32125765720063143,0.520784498242388,Cauca
2020-08-28,0.3977332799176925,0.6488217799949332,Cauca
2020-09-13,0.4292492958984541,0.6242789164688995,Cauca
2020-09-29,0.3985234325448287,0.5598839980776928,Cauca
2020-10-15,0.3762445240663895,0.6088687252028453,Cauca
2020-10-31,0.3952938116066236,0.6136686485651578,Cauca
2020-11-16,0.30883943647933354,0.4680966685460149,Cauca
2020-12-02,0.3389413915909082,0.524860010767433,Cauca
2020-12-18,0.353354047642886,0.5602702402317238,Cauca
2021-01-01,0.3556658002201005,0.5322725814194897,Cauca
2021-01-17,0.4206673352178419,0.6822375910228743,Cauca
2021-02-02,0.36025759242216954,0.5440440748481351,Cauca
2021-02-18,0.3469092162308678,0.5239717997003919,Cauca
2021-03-06,0.42201222798908095,0.5813023336725104,Cauca
2021-03-22,0.3411741520291845,0.5098341436996119,Cauca
2021-04-07,0.38139880891149947,0.5403745924422456,Cauca
2021-04-23,0.3966156000919034,0.5799926019279462,Cauca
2021-05-09,0.3475206354203626,0.513897351504901,Cauca
2021-05-25,0.39526276737629423,0.6076323451278862,Cauca
2021-06-10,0.4194089422105796,0.6881221072576614,Cauca
2021-06-26,0.38496445911849286,0.6371624651321959,Cauca
2021-07-12,0.3273963934954342,0.512678945152041,Cauca
2021-07-28,0.3544099927177106,0.5866743295073628,Cauca
2021-08-13,0.358071868134548,0.6127162587092413,Cauca
2021-08-29,0.39748174570469336,0.5602193215331124,Cauca
2021-09-14,0.4895950992268765,0.6890357065933226,Cauca
2021-09-30,0.3890373474854803,0.5651075224959762,Cauca
2021-10-16,0.36423028429346,0.5384658881484525,Cauca
2021-11-01,0.33479915517798786,0.5038183947170671,Cauca
2021-11-17,0.3471199373571712,0.5152859637991452,Cauca
2021-12-03,0.28276033548342544,0.4176960276619809,Cauca
2021-12-19,0.344597616448882,0.5171763384606756,Cauca
2022-01-01,0.4167027032330722,0.61401997244237,Cauca
2022-01-17,0.41003392577965897,0.587859926719233,Cauca
2022-02-02,0.2887366792287411,0.4175082102817814,Cauca
2022-02-18,0.3390247881810419,0.526413668565006,Cauca
2022-03-06,0.3969732453234713,0.5965840969985081,Cauca
2022-03-22,0.4276630994305179,0.6213693113842005,Cauca
2022-04-07,0.3855357244865558,0.5334380052049077,Cauca
2022-04-23,0.42949684715869346,0.6821596508134965,Cauca
2022-05-09,0.3445569889141071,0.5200568886777283,Cauca
2022-05-25,0.3544332470667736,0.5654114925996503,Cauca
2022-06-10,0.363063369567303,0.5809376877564945,Cauca
2022-06-26,0.39180575748055596,0.6427041152391256,Cauca
2022-07-12,0.32386609259705057,0.49114225757757624,Cauca
2022-07-28,0.3949844103074002,0.6545818987807172,Cauca
2022-08-13,0.4256483810998923,0.706673280006732,Cauca
2022-08-29,0.4273086456154213,0.695412142525518,Cauca
2022-09-14,0.41826481869354554,0.6324227965818187,Cauca
2022-09-30,0.38091686121121393,0.5999146607874705,Cauca
2022-10-16,0.28346524813117,0.4330493945239043,Cauca
2022-11-01,0.3081209165433478,0.4511815330180485,Cauca
2022-11-17,0.34384144508142733,0.5175271154146039,Cauca
2022-12-03,0.3866526798140052,0.5671531420953833,Cauca
2022-12-19,0.4165622595515647,0.6905186112448107,Cauca
2023-01-01,0.3470598608990468,0.5655622829492449,Cauca
2023-01-17,0.3834981534325599,0.6440944501515822,Cauca
2023-02-02,0.4531919267845926,0.689300938476548,Cauca
2023-02-18,0.4018815242917637,0.6435675850301256,Cauca
2023-03-06,0.3868922477904396,0.6037510116437004,Cauca
2023-03-22,0.34477340857154687,0.5392530190921182,Cauca
2023-04-07,0.375182632501539,0.5776376998069803,Cauca
2023-04-23,0.4405933350033872,0.6924014004150282,Cauca
2023-05-09,0.4192172598687123,0.6236326699086031,Cauca
2023-05-25,0.4031364814880477,0.6840436762534531,Cauca
2023-06-10,0.459258096931603,0.7271123566932034,Cauca
2023-06-26,0.39668570510543366,0.6483536433074103,Cauca
2023-07-12,0.3932826326061208,0.6715522690572122,Cauca
2023-07-28,0.38839902681262495,0.6497285512798774,Cauca
2023-08-13,0.402287930852865,0.705334285046719,Cauca
2023-08-29,0.40357654553505096,0.6922579164279609,Cauca
2023-09-14,0.414866772560512,0.6453187151721903,Cauca
2023-09-30,0.3379936601256937,0.5341756818687343,Cauca
2023-10-16,0.3289647886552215,0.5676847222226822,Cauca
2023-11-01,0.4044014082018463,0.6396905520356891,Cauca
2023-11-17,0.4519118832119289,0.7048476776872198,Cauca
2023-12-03,0.3953558429400018,0.6094882600620121,Cauca
2023-12-19,0.4237179829940222,0.6414031279930406,Cauca
2024-01-01,0.4555524493064357,0.764351471203201,Cauca
2024-01-17,0.46445349844314615,0.7498442653287337,Cauca
2024-02-02,0.4585542146093145,0.6443808515632791,Cauca
2024-02-18,0.4503403494388692,0.7661047024418911,Cauca
2024-03-05,0.4143547634569481,0.6321121152341649,Cauca
2024-03-21,0.38521865140870565,0.6240339630524289,Cauca
2024-04-06,0.439981125646631,0.6963816344066969,Cauca
2024-04-22,0.4009195425960038,0.5973144089027772,Cauca
2024-05-08,0.4046594603633653,0.6275106771235842,Cauca
2024-05-24,0.4083789376183071,0.709766096221288,Cauca
2024-06-09,0.4018213014165407,0.6320096799619147,Cauca
2024-06-25,0.37856951579095593,0.6468414981750659,Cauca
2024-07-11,0.3748558564710717,0.6155454791795475,Cauca
2024-07-27,0.4356823402709814,0.6931312239932056,Cauca
2024-08-12,0.4226376924672258,0.6806800251862358,Cauca
2024-08-28,0.47568602172666014,0.7388621844990665,Cauca
2024-09-13,0.36383753095914567,0.6767924950919538,Cauca
2024-09-29,0.37347333292845386,0.6593739710194327,Cauca
2024-10-15,0.3311721199767911,0.6033059179995444,Cauca
2024-10-31,0.32826617327203833,0.5474398016076061,Cauca
2024-11-16,0.361841289662849,0.5574415173018883,Cauca
2024-12-02,0.3444475222468897,0.5295850795433518,Cauca
2024-12-18,0.3118327430761178,0.4691955983249027,Cauca
2025-01-01,0.37372469766087635,0.6055608507395894,Cauca
2025-01-17,0.432778887493452,0.7482666567585953,Cauca
2025-02-02,0.33113659989634464,0.4570060520292795,Cauca
2025-02-18,0.3296440734952331,0.5395055170891249,Cauca
2025-03-06,0.3189563575834036,0.5102331943914833,Cauca
2025-03-22,0.45481757585420307,0.6202028468487347,Cauca
2025-04-07,0.3841976987734047,0.6959829199192609,Cauca
2025-04-23,0.3400092761848431,0.5471115067870133,Cauca
2025-05-09,0.3316822684726454,0.6096164349796659,Cauca
2025-05-25,0.41550621968222895,0.6355720720856849,Cauca
2025-06-10,0.38790852597832615,0.6856689301985671,Cauca
2025-06-26,0.36504257379297866,0.6200906267811018,Cauca
2025-07-12,0.406929163017236,0.6258632341702567,Cauca
2025-07-28,0.3783256726722551,0.6032390873702871,Cauca
2025-08-13,0.36558371900005643,0.656300244376165,Cauca
2025-08-29,0.3288179734804818,0.5064067140442408,Cauca
2025-09-14,0.4396427953527756,0.7152527859675268,Cauca
2025-09-30,0.4198508760945073,0.6146939762611446,Cauca
2025-10-16,0.3499749162301225,0.6652298495859996,Cauca
2025-11-01,0.33856536855968095,0.5686422565269671,Cauca
2025-11-17,0.3500671329365018,0.6186963024194562,Cauca
2025-12-03,0.3882739431425907,0.7052880673992082,Cauca
2025-12-19,0.3352117191720766,0.5998976094850323,Cauca
2026-01-01,0.295337339781529,0.5209853795285233,Cauca
2026-01-17,0.3487605637640571,0.6240716286529098,Cauca
2026-02-02,0.34748258330169673,0.6032881091599586,Cauca
2026-02-18,0.40907596147970826,0.7036979355303792,Cauca
2026-03-06,0.41704001728111595,0.7791722417936074,Cauca
2026-03-22,0.44416675945569084,0.7175898568764196,Cauca
2026-04-07,0.4910537594532291,0.7067027826678596,Cauca
2026-04-23,0.4084056036929498,0.7210264542333548,Cauca
2026-05-09,0.3853656954471307,0.5986176685433081,Cauca
2026-05-25,0.4152551077401333,0.6360197193679393,Cauca
2026-06-10,0.49632532709051347,0.7831052318486895,Cauca
2026-06-26,0.33780585971644334,0.6300139371618753,Cauca
2026-07-12,0.4044675649158965,0.7253191950515477,Cauca
2026-07-28,0.3299843109201546,0.5385810780309814,Cauca
2000-02-18,0.19739482577746184,0.29979096666187666,Narino
2000-03-05,0.3577973315132161,0.6002786953725155,Narino
2000-03-21,0.32845213508244575,0.5073263231663527,Narino
2000-04-06,0.43786838790334137,0.6457839884056749,Narino
2000-04-22,0.3458253817645018,0.4850823298754659,Narino
2000-05-08,0.31297984871219686,0.46002274032932916,Narino
2000-05-24,0.3340893469160439,0.5068257778470394,Narino
2000-06-09,0.37377639786603245,0.5718033480568584,Narino
2000-06-25,0.2923577539850199,0.42286016010346544,Narino
2000-07-11,0.28802596457946694,0.42562133998008805,Narino
2000-07-27,0.36100766600621903,0.5104403256666535,Narino
2000-08-12,0.22710581062967905,0.3217868585054874,Narino
2000-08-28,0.3652161440787204,0.5197278396608043,Narino
2000-09-13,0.3044209373305481,0.42895356284117303,Narino
2000-09-29,0.3774425001236317,0.5186742487811795,Narino
2000-10-15,0.2774394905973247,0.40688682311157154,Narino
2000-10-31,0.3633967529646866,0.5442873776144224,Narino
2000-11-16,0.263430103175075,0.3930802165581464,Narino
2000-12-02,0.38157294095199173,0.5778020257631692,Narino
2000-12-18,0.3200332855852317,0.47212218564848807,Narino
2001-01-01,0.3120187958651678,0.4877825513712057,Narino
2001-01-17,0.3792430178340155,0.6196789082723666,Narino
2001-02-02,0.3402124954784196,0.5097294442030325,Narino
2001-02-18,0.37026355636185676,0.5848735713908501,Narino
2001-03-06,0.43289280857366647,0.6623159867837758,Narino
2001-03-22,0.4298489957326626,0.6182356739252243,Narino
2001-04-07,0.4257056175979419,0.6573928054531931,Narino
2001-04-23,0.3868950773188651,0.5993336395865247,Narino
2001-05-09,0.3925664030055147,0.6052984307954262,Narino
2001-05-25,0.32644297717005305,0.5029848203313473,Narino
2001-06-10,0.32019237598231015,0.4640012540504396,Narino
2001-06-26,0.2436225097353501,0.36508472254653546,Narino
2001-07-12,0.34836139001089006,0.5199193579381276,Narino
2001-07-28,0.32962713235445923,0.4711771362797236,Narino
2001-08-13,0.34165829614762383,0.5019537906984887,Narino
2001-08-29,0.32713350446540757,0.512228601857363,Narino
2001-09-14,0.32415770176534814,0.4946997800690666,Narino
2001-09-30,0.3072875919316333,0.429163295737727,Narino
2001-10-16,0.3409448712138549,0.5005097348058163,Narino
2001-11-01,0.29874453251558775,0.44234528260520967,Narino
2001-11-17,0.21509769650392546,0.3232022106849956,Narino
2001-12-03,0.2661520043329776,0.40360456814451623,Narino
2001-12-19,0.3468717063305115,0.5143553367451573,Narino
2002-01-01,0.44607687074666286,0.6524517178796063,Narino
2002-01-17,0.33628177733593806,0.5414209016141643,Narino
2002-02-02,0.3969612588614223,0.658684145591824,Narino
2002-02-18,0.3529620518177077,0.48181668054793414,Narino
2002-03-06,0.37517075292044244,0.5451653728996722,Narino
2002-03-22,0.2876811035890961,0.4081043752832768,Narino
2002-04-07,0.441854061123067,0.6590792809639086,Narino
2002-04-23,0.3536223454409672,0.5180888626342975,Narino
2002-05-09,0.2982885916733916,0.422455081083405,Narino
2002-05-25,0.39825149358629824,0.6422589962813132,Narino
2002-06-10,0.41604021447063694,0.6228236460289132,Narino
2002-06-26,0.3278948072752056,0.4811897055366518,Narino
2002-07-12,0.2832915800083317,0.40231736261155776,Narino
2002-07-28,0.31119102393622994,0.46755634101536997,Narino
2002-08-13,0.2608820530295688,0.3666117216103543,Narino
2002-08-29,0.31924711013258367,0.44385645013454395,Narino
2002-09-14,0.26480254999852093,0.39790883514128106,Narino
2002-09-30,0.4363333806783361,0.6281209220185178,Narino
2002-10-16,0.34078491643917025,0.49422968810004136,Narino
2002-11-01,0.2987660918421281,0.44938111834232597,Narino
2002-11-17,0.35280561861407955,0.5176895458933052,Narino
2002-12-03,0.34581414069236893,0.500458489831029,Narino
2002-12-19,0.3616214960104376,0.5407132608517,Narino
2003-01-01,0.3896109762789913,0.5658945674327502,Narino
2003-01-17,0.36263276433068115,0.5335006371255292,Narino
2003-02-02,0.3034258304736685,0.43829430953157855,Narino
2003-02-18,0.33133235689157925,0.5046587121513112,Narino
2003-03-06,0.4579476127016654,0.6746035367396227,Narino
2003-03-22,0.43340153648585067,0.6395746283005522,Narino
2003-04-07,0.31983478921602276,0.5007700648759247,Narino
2003-04-23,0.4108432406742736,0.6178294565145379,Narino
2003-05-09,0.3205401912195675,0.4986551139489065,Narino
2003-05-25,0.39474600540730503,0.58781995556741,Narino
2003-06-10,0.2787270717850467,0.4061029312191157,Narino
2003-06-26,0.3659914648857719,0.5414104843430817,Narino
2003-07-12,0.3216089769451257,0.47405199269406756,Narino
2003-07-28,0.3460262562288827,0.5204651152347752,Narino
2003-08-13,0.264205032298461,0.37597023311062966,Narino
2003-08-29,0.32154013827275785,0.4666280012514611,Narino
2003-09-14,0.30111213027164635,0.4187222692832417,Narino
2003-09-30,0.2825882060145273,0.39988232485570685,Narino
2003-10-16,0.3601014472521554,0.5210348521606487,Narino
2003-11-01,0.35526652990289,0.5262809958071483,Narino
2003-11-17,0.4000726014253996,0.6074695328620826,Narino
2003-12-03,0.34882899966107683,0.5350847482388756,Narino
2003-12-19,0.2643971034345002,0.396619571062688,Narino
2004-01-01,0.3219560380381345,0.5127408584163382,Narino
2004-01-17,0.44650005589386177,0.6995253542199006,Narino
2004-02-02,0.4228180589890617,0.6981673738691621,Narino
2004-02-18,0.42133603689959725,0.6365368058318935,Narino
2004-03-05,0.3893542684331968,0.5624429112774156,Narino
2004-03-21,0.35909441312434953,0.545345633304414,Narino
2004-04-06,0.3792780035395155,0.5496994579089017,Narino
2004-04-22,0.32817020831774374,0.512720315765729,Narino
2004-05-08,0.3039740907951303,0.4431547442149119,Narino
2004-05-24,0.34095858439728044,0.518444021936511,Narino
2004-06-09,0.2697994527595587,0.4098721912963761,Narino
2004-06-25,0.3446839563468106,0.5114961282301455,Narino
2004-07-11,0.348407928838524,0.5608160779686401,Narino
2004-07-27,0.36154630260080556,0.5975767728081706,Narino
2004-08-12,0.2851247733835269,0.4588825099273889,Narino
2004-08-28,0.31723639652349706,0.4308384859245998,Narino
2004-09-13,0.31240369287098335,0.45755304127854335,Narino
2004-09-29,0.3561627426415072,0.512705601431295,Narino
2004-10-15,0.3031400010908791,0.4815395497061049,Narino
2004-10-31,0.3197240024948583,0.4925741133869284,Narino
2004-11-16,0.3271920134592805,0.48434324293992387,Narino
2004-12-02,0.3409335764018236,0.5199588193577647,Narino
2004-12-18,0.3920397438502549,0.6366439529536018,Narino
2005-01-01,0.36990463560807857,0.5460406254380108,Narino
2005-01-17,0.3845666980736354,0.5834464074163086,Narino
2005-02-02,0.273986216459438,0.41053981669874573,Narino
2005-02-18,0.35782278556874675,0.5072754614129583,Narino
2005-03-06,0.28879064409506083,0.43622301073736663,Narino
2005-03-22,0.4057438985722492,0.5572386234640349,Narino
2005-04-07,0.4184033757606289,0.600672307398812,Narino
2005-04-23,0.44537009054615945,0.6978141427675209,Narino
2005-05-09,0.4220497775648435,0.6317500118288671,Narino
2005-05-25,0.37664537040965673,0.5771916686355844,Narino
2005-06-10,0.33246525575063585,0.4933690599117422,Narino
2005-06-26,0.422509798911372,0.6689176138591431,Narino
2005-07-12,0.3466832484068074,0.5310142562408826,Narino
2005-07-28,0.3326324212270156,0.47294292831870827,Narino
2005-08-13,0.35770608372298296,0.5300555082874235,Narino
2005-08-29,0.2933194746389841,0.4177787098944039,Narino
2005-09-14,0.3222296692759611,0.4428214353576221,Narino
2005-09-30,0.28491035842637863,0.44512056691295016,Narino
2005-10-16,0.24712243398413553,0.3675513909638161,Narino
2005-11-01,0.23232850996990154,0.33695388961953116,Narino
2005-11-17,0.3951483097845125,0.598821754805972,Narino
2005-12-03,0.3178234259786839,0.46495921155442843,Narino
2005-12-19,0.3173902066490391,0.5095436872214129,Narino
2006-01-01,0.26996853860931974,0.39906358238223427,Narino
2006-01-17,0.29521533049945187,0.428951065243182,Narino
2006-02-02,0.3526208628315563,0.5509488984728311,Narino
2006-02-18,0.36507180825946656,0.5914648746334513,Narino
2006-03-06,0.3487896350718784,0.49348603671611907,Narino
2006-03-22,0.38341765640427244,0.5418020970144001,Narino
2006-04-07,0.4570954575796552,0.6513581527320762,Narino
2006-04-23,0.31023734399723407,0.43725785640353293,Narino
2006-05-09,0.33173762851743105,0.528496278221152,Narino
2006-05-25,0.34933551751419983,0.516999739190921,Narino
2006-06-10,0.37011888738649557,0.6110010342956176,Narino
2006-06-26,0.27799673188152946,0.41317566944492695,Narino
2006-07-12,0.3567323995574031,0.5682959917019803,Narino
2006-07-28,0.34707063274976996,0.4982678176771179,Narino
2006-08-13,0.35700465012517424,0.5037245468120393,Narino
2006-08-29,0.3516934979211243,0.5076627488949561,Narino
2006-09-14,0.3843240581101654,0.5601510916543732,Narino
2006-09-30,0.27972438611514844,0.3844790388841062,Narino
2006-10-16,0.42309993600073437,0.61283551889362,Narino
2006-11-01,0.27373034093804366,0.39052094363210693,Narino
2006-11-17,0.35364404657019266,0.5463838470723414,Narino
2006-12-03,0.38516050310946764,0.5944232530229134,Narino
2006-12-19,0.3561151327686501,0.5209721775185399,Narino
2007-01-01,0.36141622222783965,0.5235909344589869,Narino
2007-01-17,0.4645447167342938,0.6716758400439647,Narino
2007-02-02,0.40691300715956236,0.7131498809643281,Narino
2007-02-18,0.417332728697454,0.623320031060514,Narino
2007-03-06,0.3990600485167925,0.5815305693855922,Narino
2007-03-22,0.36922034594619146,0.5767492292084873,Narino
2007-04-07,0.3843190794528145,0.5923075127487225,Narino
2007-04-23,0.37425038267107,0.5292567030546066,Narino
2007-05-09,0.38949175046188644,0.5538438028460494,Narino
2007-05-25,0.31725322087243163,0.46021150120603405,Narino
2007-06-10,0.299304131164536,0.42782242367559126,Narino
2007-06-26,0.339803044129351,0.5513482305235043,Narino
2007-07-12,0.3624096616404482,0.5599336572143963,Narino
2007-07-28,0.3227238662030165,0.499390471224392,Narino
2007-08-13,0.31728021871277495,0.47567208143218065,Narino
2007-08-29,0.27802938309642455,0.41253665856309,Narino
2007-09-14,0.2783886791833473,0.4086173852655932,Narino
2007-09-30,0.28287022840253145,0.39145359202574365,Narino
2007-10-16,0.32357772570653476,0.4367532092912147,Narino
2007-11-01,0.3005529013691233,0.47690760480994115,Narino
2007-11-17,0.2963689257281603,0.4467173363554467,Narino
2007-12-03,0.2930949353156866,0.4721908141175189,Narino
2007-12-19,0.29611474472614296,0.43035448612417404,Narino
2008-01-01,0.32095108593612476,0.4651244981613729,Narino
2008-01-17,0.330970671517463,0.47409065473582485,Narino
2008-02-02,0.38285272824538324,0.5669755009591887,Narino
2008-02-18,0.3813019492863675,0.5553206464336743,Narino
2008-03-05,0.4206023613277781,0.6679881708770095,Narino
2008-03-21,0.3737460494000171,0.5644729142496602,Narino
2008-04-06,0.4177073858515726,0.606714275891809,Narino
2008-04-22,0.3897263997095078,0.5986233785039403,Narino
2008-05-08,0.3785895062743993,0.6158933710172939,Narino
2008-05-24,0.34410202778345367,0.4977520695899472,Narino
2008-06-09,0.4221315688100724,0.6502861262198806,Narino
2008-06-25,0.38323888794265515,0.5682282418192993,Narino
2008-07-11,0.38971903939042635,0.5670284146465633,Narino
2008-07-27,0.34735606774398226,0.5438231485320838,Narino
2008-08-12,0.3923530184090152,0.6309368314535518,Narino
2008-08-28,0.37905431133259404,0.5600197140747133,Narino
2008-09-13,0.3470403605991552,0.49402131416286654,Narino
2008-09-29,0.2948403944592449,0.4295846656300372,Narino
2008-10-15,0.3026638993483623,0.4355879625435245,Narino
2008-10-31,0.3003776051979125,0.4387556846154101,Narino
2008-11-16,0.3032107124715262,0.46571473854988754,Narino
2008-12-02,0.32892243309590347,0.4843784184198517,Narino
2008-12-18,0.28734219768425684,0.42518459627311866,Narino
2009-01-01,0.3135519991554297,0.4448243382138994,Narino
2009-01-17,0.33555126285588033,0.5201540999410007,Narino
2009-02-02,0.3721685846323914,0.5649267389903825,Narino
2009-02-18,0.3761693644575271,0.5340161406744628,Narino
2009-03-06,0.42675004021285673,0.5704440892474569,Narino
2009-03-22,0.46148780372467896,0.6815541847608858,Narino
2009-04-07,0.40097332180831047,0.5503448014783636,Narino
2009-04-23,0.4402460639896091,0.6490473455600387,Narino
2009-05-09,0.3575953076763677,0.5160827361811294,Narino
2009-05-25,0.3541402928018797,0.5525646983606879,Narino
2009-06-10,0.3781894180599457,0.5752987824156727,Narino
2009-06-26,0.3370175760603093,0.48598075159780035,Narino
2009-07-12,0.3424835629918738,0.5185575152302802,Narino
2009-07-28,0.3387136197598852,0.49410127485498795,Narino
2009-08-13,0.34727774900636516,0.529480490574041,Narino
2009-08-29,0.38587088014578624,0.6056067234412592,Narino
2009-09-14,0.3800975762406006,0.5303628961160062,Narino
2009-09-30,0.34961436654035233,0.4855679475310836,Narino
2009-10-16,0.3578835306640509,0.5082279146329001,Narino
2009-11-01,0.3859278288869446,0.5664718327354804,Narino
2009-11-17,0.2989754254635628,0.43673193774503066,Narino
2009-12-03,0.3153451779761501,0.4746255134290485,Narino
2009-12-19,0.35100137021064987,0.5708925872273352,Narino
2010-01-01,0.39882090297951284,0.6549846480263479,Narino
2010-01-17,0.3719973821361014,0.5070672943229854,Narino
2010-02-02,0.4235302706071401,0.6173946373823966,Narino
2010-02-18,0.3139557883149417,0.5104131860670722,Narino
2010-03-06,0.3883424438129943,0.5277173480950422,Narino
2010-03-22,0.4104039470193785,0.6275690747455739,Narino
2010-04-07,0.4777399819783427,0.7038783584878184,Narino
2010-04-23,0.37189251306482485,0.5611620105896039,Narino
2010-05-09,0.3584317435818535,0.5032891827464478,Narino
2010-05-25,0.26130273038128693,0.3796632176829289,Narino
2010-06-10,0.36394000221078326,0.5801189418249415,Narino
2010-06-26,0.3823437864238009,0.589527868443059,Narino
2010-07-12,0.37354513630166913,0.6272495423953087,Narino
2010-07-28,0.39189392681007557,0.5928398835492702,Narino
2010-08-13,0.3438482956546451,0.5328411585677421,Narino
2010-08-29,0.29176210534515035,0.4565057495009507,Narino
2010-09-14,0.3531179338500397,0.5743943184984849,Narino
2010-09-30,0.2932305123871416,0.40881222109225995,Narino
2010-10-16,0.27583221633677496,0.37189279513782747,Narino
2010-11-01,0.2715250004305868,0.3816589900854159,Narino
2010-11-17,0.188678594592607,0.2555004556537423,Narino
2010-12-03,0.22894030907708834,0.3264419445385923,Narino
2010-12-19,0.2963892236684743,0.43630818114469544,Narino
2011-01-01,0.3286184305521631,0.4937448345469394,Narino
2011-01-17,0.34936888226045776,0.5073354829734911,Narino
2011-02-02,0.3170929773228778,0.4771446814076233,Narino
2011-02-18,0.43236062522248137,0.6550886260481993,Narino
2011-03-06,0.4274978240659983,0.6458421217688799,Narino
2011-03-22,0.4204815586774731,0.6069484790050359,Narino
2011-04-07,0.3814127638345679,0.5785950328252273,Narino
2011-04-23,0.39459850983286976,0.6116635835179149,Narino
2011-05-09,0.3486923396631067,0.4956644617453743,Narino
2011-05-25,0.3897576696300206,0.5865869630704456,Narino
2011-06-10,0.3318874474097459,0.5315803727737295,Narino
2011-06-26,0.44602457439029064,0.6870808617683298,Narino
2011-07-12,0.4288581492043398,0.6399529706102896,Narino
2011-07-28,0.35062985153887466,0.5025956265508374,Narino
2011-08-13,0.40348372321730225,0.5953136410470432,Narino
2011-08-29,0.3528250171178502,0.4988509911366561,Narino
2011-09-14,0.38813568819969047,0.5182843650521752,Narino
2011-09-30,0.28224978126775074,0.3836056278666704,Narino
2011-10-16,0.3061633160941416,0.43084430682045305,Narino
2011-11-01,0.29223660117589007,0.43124548332518803,Narino
2011-11-17,0.34405766455219333,0.49957207711669055,Narino
2011-12-03,0.25594205255507485,0.3758293268335757,Narino
2011-12-19,0.2797416480334931,0.42329319639541885,Narino
2012-01-01,0.38514783285721116,0.6128046082421864,Narino
2012-01-17,0.37578889351914707,0.6516111102992557,Narino
2012-02-02,0.33723910128506496,0.48844719933354924,Narino
2012-02-18,0.3393189015923964,0.49725742692727426,Narino
2012-03-05,0.3608180634122497,0.5041823016116501,Narino
2012-03-21,0.3783573468106235,0.5360465908449814,Narino
2012-04-06,0.4245250892264105,0.5841638546338389,Narino
2012-04-22,0.46988206380431025,0.6848623896119845,Narino
2012-05-08,0.3795863982256417,0.5962893972482548,Narino
2012-05-24,0.3419157709504048,0.484058871317125,Narino
2012-06-09,0.4297539660497909,0.658234879307523,Narino
2012-06-25,0.3984609810684699,0.6057754008710134,Narino
2012-07-11,0.3939558410599772,0.5974726460182839,Narino
2012-07-27,0.3424605717761754,0.5621195391456978,Narino
2012-08-12,0.35633352415020164,0.55570318728647,Narino
2012-08-28,0.29905542236677285,0.4357676765592704,Narino
2012-09-13,0.3647362424043302,0.532141009990792,Narino
2012-09-29,0.2522023186282447,0.36082161683059666,Narino
2012-10-15,0.31817368755526054,0.46599605329947397,Narino
2012-10-31,0.32522355667070835,0.4878576806153076,Narino
2012-11-16,0.3109928360242429,0.4574258043927139,Narino
2012-12-02,0.2939374546131012,0.44307939948632685,Narino
2012-12-18,0.3164370401420917,0.44499066885581606,Narino
2013-01-01,0.30659379466991155,0.42622441363521407,Narino
2013-01-17,0.3193240189671519,0.45148942784651036,Narino
2013-02-02,0.28385250538782464,0.392257994479393,Narino
2013-02-18,0.3298630905979017,0.4546510430597699,Narino
2013-03-06,0.3360838305513275,0.5152358204171641,Narino
2013-03-22,0.44497598154398493,0.6296999629939568,Narino
2013-04-07,0.3907176179743817,0.5793304034212842,Narino
2013-04-23,0.3869296603955729,0.6311259173940086,Narino
2013-05-09,0.25120673350643313,0.3552989316736556,Narino
2013-05-25,0.3650384877079761,0.5227082010131977,Narino
2013-06-10,0.28541707183862147,0.4079007832995562,Narino
2013-06-26,0.41355371339664504,0.6168635304890434,Narino
2013-07-12,0.30143657257291273,0.42722664964176194,Narino
2013-07-28,0.3312311464088425,0.47968361436698337,Narino
2013-08-13,0.3633072953075414,0.5201863845294598,Narino
2013-08-29,0.3383410840490177,0.5000081927383174,Narino
2013-09-14,0.33125022845700586,0.468853957919368,Narino
2013-09-30,0.34149805188446386,0.5023383722272288,Narino
2013-10-16,0.3485691233637937,0.5356959291140533,Narino
2013-11-01,0.28578732743850693,0.38895171809899765,Narino
2013-11-17,0.3670891862735991,0.5666336064451201,Narino
2013-12-03,0.27811999614238603,0.4065719001658698,Narino
2013-12-19,0.36235205453969094,0.5213176367513568,Narino
2014-01-01,0.32262082454932944,0.4585010197379323,Narino
2014-01-17,0.3610958957937551,0.556187305290858,Narino
2014-02-02,0.30795284664704436,0.41857903305055605,Narino
2014-02-18,0.3398835874600344,0.4878132275004871,Narino
2014-03-06,0.3367764705445583,0.47550230177749614,Narino
2014-03-22,0.41111305762673783,0.6591507723355504,Narino
2014-04-07,0.3646767922074009,0.5365240270763894,Narino
2014-04-23,0.41806398842198184,0.7115224508337739,Narino
2014-05-09,0.46993069586107644,0.7238776210144923,Narino
2014-05-25,0.33333573232552954,0.48131913382967867,Narino
2014-06-10,0.3717906486848955,0.5658641679483735,Narino
2014-06-26,0.4173426376601915,0.6499886296222737,Narino
2014-07-12,0.3310841802223117,0.4871826011765105,Narino
2014-07-28,0.3420021543974799,0.5101477586425338,Narino
2014-08-13,0.40350706610971987,0.5400345651773978,Narino
2014-08-29,0.34252853069132555,0.5030881108835332,Narino
2014-09-14,0.39283567476340253,0.5929953571906821,Narino
2014-09-30,0.319694940787495,0.45890822415797444,Narino
2014-10-16,0.3744088728073963,0.5920186420986925,Narino
2014-11-01,0.32946244202339137,0.48117486274649174,Narino
2014-11-17,0.3871205107053277,0.544925231761594,Narino
2014-12-03,0.3647986975849229,0.5510173303671868,Narino
2014-12-19,0.3438724067789994,0.5671998488654102,Narino
2015-01-01,0.3597472152015615,0.5389243645287636,Narino
2015-01-17,0.405780960756575,0.5821623935381717,Narino
2015-02-02,0.29975864888829107,0.4284406544740838,Narino
2015-02-18,0.431505016124299,0.6197017141125748,Narino
2015-03-06,0.3564969007706525,0.5037656671672942,Narino
2015-03-22,0.39909057445406193,0.5631453804618823,Narino
2015-04-07,0.41138491707527,0.5951328336571036,Narino
2015-04-23,0.45817750624814707,0.6807224903451587,Narino
2015-05-09,0.3943196107070795,0.5732130038530056,Narino
2015-05-25,0.3346997591703821,0.5102169631689817,Narino
2015-06-10,0.38351930217238417,0.621277477625579,Narino
2015-06-26,0.359687738047474,0.5334580299611636,Narino
2015-07-12,0.42298637455382776,0.65141583383206,Narino
2015-07-28,0.35465943999065624,0.5232713942330529,Narino
2015-08-13,0.36042332785737896,0.5376169194911283,Narino
2015-08-29,0.34923874018051054,0.5138796569190861,Narino
2015-09-14,0.3703712772180385,0.5313042019557586,Narino
2015-09-30,0.3504581861470871,0.59335892723462,Narino
2015-10-16,0.35580451247552625,0.5607947007611487,Narino
2015-11-01,0.41091427414862824,0.6027951107322952,Narino
2015-11-17,0.4053430215787235,0.6161446451593022,Narino
2015-12-03,0.38369937572469476,0.5995009495937874,Narino
2015-12-19,0.38643423919610154,0.5735422630367546,Narino
2016-01-01,0.4499795289401818,0.6721229911512977,Narino
2016-01-17,0.40601744289357306,0.5798077515826549,Narino
2016-02-02,0.3686616035757643,0.5736450559290129,Narino
2016-02-18,0.09783704392471333,0.12504474278208333,Narino
2016-03-05,0.36736917490426557,0.49750248543690934,Narino
2016-03-21,0.34762277836272787,0.5260100093731418,Narino
2016-04-06,0.36538358670901894,0.492782475280696,Narino
2016-04-22,0.4297857862873155,0.727244498063989,Narino
2016-05-08,0.37787275004634846,0.5459431282124856,Narino
2016-05-24,0.37959580298498286,0.6184295835608995,Narino
2016-06-09,0.3285238587230266,0.4794410273182847,Narino
2016-06-25,0.316818338821502,0.47866856639799243,Narino
2016-07-11,0.3053987214288065,0.45375534491987485,Narino
2016-07-27,0.3305875881996203,0.4843480248513834,Narino
2016-08-12,0.3737591334198322,0.5938293233527205,Narino
2016-08-28,0.3169614495744373,0.45625389752617856,Narino
2016-09-13,0.3683594398622088,0.5455593363016282,Narino
2016-09-29,0.29405121683937313,0.41379310495335947,Narino
2016-10-15,0.29771104513258595,0.4341933511947764,Narino
2016-10-31,0.3245489982598301,0.5146708507279433,Narino
2016-11-16,0.3622391776166067,0.5454009018726573,Narino
2016-12-02,0.31876415511847817,0.4462156219985329,Narino
2016-12-18,0.3350771949734178,0.4944416618675867,Narino
2017-01-01,0.3512152913643901,0.5163037678970126,Narino
2017-01-17,0.4361031701438791,0.8070657846094244,Narino
2017-02-02,0.38824730525730466,0.6624827633343106,Narino
2017-02-18,0.43431196681858547,0.7285135349136627,Narino
2017-03-06,0.3686694600734252,0.5845199618981616,Narino
2017-03-22,0.3876398610539608,0.6060600993611375,Narino
2017-04-07,0.37690152425166207,0.5948870695889211,Narino
2017-04-23,0.40515814036181985,0.6669423078828154,Narino
2017-05-09,0.424267799829566,0.6458960274983219,Narino
2017-05-25,0.4188447693508158,0.6691659955288823,Narino
2017-06-10,0.3797712564912872,0.5534688372853486,Narino
2017-06-26,0.33629776702327957,0.5009550288864363,Narino
2017-07-12,0.393230534819237,0.6080582217323498,Narino
2017-07-28,0.3360250561500088,0.5075343479560467,Narino
2017-08-13,0.3747286920250272,0.5303539117816846,Narino
2017-08-29,0.4226878051195647,0.6197859531532861,Narino
2017-09-14,0.3496925268434274,0.4968230256883596,Narino
2017-09-30,0.3441964186087384,0.4941639899450976,Narino
2017-10-16,0.3035245023416818,0.4064204343438448,Narino
2017-11-01,0.3028067950295905,0.4206549565323429,Narino
2017-11-17,0.2832860598869474,0.40079139325714297,Narino
2017-12-03,0.30138072372940566,0.5093466535023341,Narino
2017-12-19,0.2583322637708382,0.3915506392036787,Narino
2018-01-01,0.37426043750991195,0.5706633299582939,Narino
2018-01-17,0.32172129276099415,0.46949210486163095,Narino
2018-02-02,0.34287823490015007,0.49497797295214896,Narino
2018-02-18,0.4055017223266225,0.5752619405355629,Narino
2018-03-06,0.4040123890264114,0.5875120079429001,Narino
2018-03-22,0.3698243589879667,0.5268151874565856,Narino
2018-04-07,0.357869561562249,0.5223130091211526,Narino
2018-04-23,0.34348963364914203,0.5096423249011122,Narino
2018-05-09,0.3864512556203915,0.5784833380943138,Narino
2018-05-25,0.3130888142179072,0.46250533831093904,Narino
2018-06-10,0.2622224610083431,0.3743917131067953,Narino
2018-06-26,0.3531031713229809,0.5407983181667362,Narino
2018-07-12,0.32981672285527736,0.4981142472738066,Narino
2018-07-28,0.34168243001880433,0.526957953613152,Narino
2018-08-13,0.3047793383897297,0.4406107217241072,Narino
2018-08-29,0.3195446736575404,0.48089248388913536,Narino
2018-09-14,0.3199501273390042,0.43885433295188875,Narino
2018-09-30,0.39699217896149186,0.5824637851749057,Narino
2018-10-16,0.3404828825413306,0.5195591451861954,Narino
2018-11-01,0.30447650150053296,0.4200121182781364,Narino
2018-11-17,0.2644565609520823,0.37590986403441534,Narino
2018-12-03,0.3721291750796724,0.5542699379111586,Narino
2018-12-19,0.37244311135719804,0.5564263960861228,Narino
2019-01-01,0.4040883366686024,0.6432400448592231,Narino
2019-01-17,0.3107686013750862,0.477990819981435,Narino
2019-02-02,0.3670952957074816,0.5148590373540791,Narino
2019-02-18,0.36143936857913056,0.6058429613844686,Narino
2019-03-06,0.3352148045082826,0.46778201336412434,Narino
2019-03-22,0.408532174001988,0.5781947911200179,Narino
2019-04-07,0.41626833487986203,0.6617134796726567,Narino
2019-04-23,0.3160735127574712,0.44297917456813934,Narino
2019-05-09,0.3872663888751296,0.5752360728976958,Narino
2019-05-25,0.40129046455756284,0.6003418281560702,Narino
2019-06-10,0.3372007348052273,0.4975476900272393,Narino
2019-06-26,0.38644502647077283,0.5878021462179523,Narino
2019-07-12,0.3388498624327496,0.5055309216336489,Narino
2019-07-28,0.3187353606590115,0.4619013164178327,Narino
2019-08-13,0.3569474242213134,0.5249272577977022,Narino
2019-08-29,0.3083417284658592,0.45524975214947905,Narino
2019-09-14,0.29346950681186373,0.42220063395845225,Narino
2019-09-30,0.27232878091283963,0.4117831329410228,Narino
2019-10-16,0.3102730590008868,0.4567451089560669,Narino
2019-11-01,0.30077408665068167,0.43003763692273,Narino
2019-11-17,0.27101486109207606,0.3691920973978122,Narino
2019-12-03,0.294742917871156,0.4097248897857532,Narino
2019-12-19,0.34803525945542757,0.48986984135708045,Narino
2020-01-01,0.4016857051758274,0.6837614441153328,Narino
2020-01-17,0.34870931580147335,0.5219136932786302,Narino
2020-02-02,0.47622772466890545,0.7092083851196962,Narino
2020-02-18,0.33342478686576305,0.5231456876949129,Narino
2020-03-05,0.33306259936037735,0.49036283412310566,Narino
2020-03-21,0.45335864455515407,0.6810850006056117,Narino
2020-04-06,0.3366007227521879,0.4893530336802687,Narino
2020-04-22,0.42232618598342436,0.6281320001143593,Narino
2020-05-08,0.374251492143844,0.5881903689872278,Narino
2020-05-24,0.4002779493890312,0.6303536505320423,Narino
2020-06-09,0.4038093549178823,0.6025604850000972,Narino
2020-06-25,0.3644631041634505,0.5854021938400222,Narino
2020-07-11,0.3916635608830583,0.6131376868061951,Narino
2020-07-27,0.3118636868991527,0.4599174342458407,Narino
2020-08-12,0.3292695709097335,0.5167584481849642,Narino
2020-08-28,0.36736104783087087,0.5311707781335574,Narino
2020-09-13,0.3883261120778633,0.5485739076584796,Narino
2020-09-29,0.2977052975734496,0.39851536756921385,Narino
2020-10-15,0.3103821502788372,0.44378917158744247,Narino
2020-10-31,0.37565290248715755,0.5771942332485483,Narino
2020-11-16,0.30519074151476844,0.44511619309359207,Narino
2020-12-02,0.2968211324056581,0.4362458064904804,Narino
2020-12-18,0.34057633587480113,0.5108712661424446,Narino
2021-01-01,0.34677823245753736,0.511812867784472,Narino
2021-01-17,0.3819583892028596,0.5944948948052421,Narino
2021-02-02,0.3270760322003559,0.5037400505450027,Narino
2021-02-18,0.39517013974205845,0.5434707351939045,Narino
2021-03-06,0.41611512729759276,0.6101648849908664,Narino
2021-03-22,0.3899149111565308,0.5351410954230196,Narino
2021-04-07,0.3803837639734335,0.5909040850417343,Narino
2021-04-23,0.38580484545559557,0.5401179720444533,Narino
2021-05-09,0.3322004286362838,0.46811425810178164,Narino
2021-05-25,0.3678149526440735,0.5320974822405553,Narino
2021-06-10,0.38670300004489944,0.6120804734184159,Narino
2021-06-26,0.3894989368012865,0.616628057445692,Narino
2021-07-12,0.305022241967979,0.4472548076171657,Narino
2021-07-28,0.3541110113881593,0.5417850011618525,Narino
2021-08-13,0.37398591254406277,0.6266240866229722,Narino
2021-08-29,0.3343557097809904,0.4405827401368948,Narino
2021-09-14,0.4193093331856507,0.5983766871102802,Narino
2021-09-30,0.3565454597305148,0.5067890975835762,Narino
2021-10-16,0.3557885362004955,0.4914689771458117,Narino
2021-11-01,0.31166797211367564,0.45430703078937157,Narino
2021-11-17,0.2765039980166091,0.3848678606946394,Narino
2021-12-03,0.22587730380315912,0.31852373745763446,Narino
2021-12-19,0.31060809300412556,0.4488908638715409,Narino
2022-01-01,0.43140424076710915,0.6545447183153277,Narino
2022-01-17,0.3901662651029589,0.5381484624260546,Narino
2022-02-02,0.26102354280198764,0.3754828901503057,Narino
2022-02-18,0.35249128498877697,0.5326467914821449,Narino
2022-03-06,0.48056328625538447,0.6814444438635103,Narino
2022-03-22,0.47106148066685766,0.670688550789865,Narino
2022-04-07,0.3708393947916259,0.5400179764360223,Narino
2022-04-23,0.447708293285401,0.6685390151044099,Narino
2022-05-09,0.35112411444205444,0.5353672560445908,Narino
2022-05-25,0.3103487331039606,0.47174704167828274,Narino
2022-06-10,0.4021306045392475,0.6392019781202323,Narino
2022-06-26,0.3587609552087287,0.536875241365604,Narino
2022-07-12,0.3244498111389423,0.4641224998727876,Narino
2022-07-28,0.3929136446005563,0.6237702267962033,Narino
2022-08-13,0.4128319007864291,0.6174396204245036,Narino
2022-08-29,0.3875150090766097,0.5856025550782673,Narino
2022-09-14,0.3624510246560014,0.5385194721890224,Narino
2022-09-30,0.33160135468920865,0.4750566801681482,Narino
2022-10-16,0.2729401025638576,0.42210588252670894,Narino
2022-11-01,0.2806680736577911,0.3988279089262891,Narino
2022-11-17,0.26210417681424436,0.38383754236868717,Narino
2022-12-03,0.3433494499585514,0.5001676451681593,Narino
2022-12-19,0.3986360517679891,0.6560534884905734,Narino
2023-01-01,0.33991275691870626,0.5555731484527462,Narino
2023-01-17,0.36034076830210443,0.5571093012195647,Narino
2023-02-02,0.40946751334982634,0.5985046609535204,Narino
2023-02-18,0.4223562315237753,0.6545729880224591,Narino
2023-03-06,0.39929300570581006,0.6857925074526026,Narino
2023-03-22,0.3952264290812437,0.6281525829202587,Narino
2023-04-07,0.4312388390191796,0.6702093130327188,Narino
2023-04-23,0.44078648699852147,0.697766353208327,Narino
2023-05-09,0.46094623653620725,0.6913028727447829,Narino
2023-05-25,0.4105218535800417,0.632198136598132,Narino
2023-06-10,0.4496461630215658,0.6745988399948956,Narino
2023-06-26,0.4028091393098342,0.6205878907334286,Narino
2023-07-12,0.4071976076324018,0.7089273859749166,Narino
2023-07-28,0.3684986521568542,0.5681934083900678,Narino
2023-08-13,0.42264710360764546,0.6842015652582892,Narino
2023-08-29,0.39248190964793234,0.5773400189876061,Narino
2023-09-14,0.4181579453078675,0.5848048161237702,Narino
2023-09-30,0.36262248365318717,0.5623092331328707,Narino
2023-10-16,0.34003802134514133,0.5223732994535758,Narino
2023-11-01,0.3724852357062883,0.5392948890777717,Narino
2023-11-17,0.4289732385176881,0.6354334256660032,Narino
2023-12-03,0.3134931417953288,0.49744583223627664,Narino
2023-12-19,0.4642992853550879,0.6643697122658891,Narino
2024-01-01,0.418938677638234,0.7144206445704246,Narino
2024-01-17,0.4769521548208715,0.7073363586317996,Narino
2024-02-02,0.43035093610457514,0.5925818377754428,Narino
2024-02-18,0.4814396204631585,0.6878763713755588,Narino
2024-03-05,0.46124951059770447,0.6968266697207934,Narino
2024-03-21,0.34876992284749536,0.5443923355625753,Narino
2024-04-06,0.4777097403910473,0.6719608544957062,Narino
2024-04-22,0.37731004200009277,0.5577107440204493,Narino
2024-05-08,0.39014116205430666,0.5434725504060061,Narino
2024-05-24,0.4027750609152583,0.6916241103718462,Narino
2024-06-09,0.3712975566623794,0.5741057411427283,Narino
2024-06-25,0.39909829615279463,0.6398140726776594,Narino
2024-07-11,0.3368082250192503,0.47169197511609595,Narino
2024-07-27,0.4306156772902615,0.6858461645871312,Narino
2024-08-12,0.4964082064640452,0.6985778145808875,Narino
2024-08-28,0.44747028116861476,0.6501165677721739,Narino
2024-09-13,0.3127504354449603,0.48799634503180195,Narino
2024-09-29,0.3184381137757347,0.509023330863465,Narino
2024-10-15,0.2954625567501776,0.4959382536217852,Narino
2024-10-31,0.34624750176762287,0.5651671881344382,Narino
2024-11-16,0.31288627636162286,0.46542467832765844,Narino
2024-12-02,0.29674411539807155,0.43661850608977776,Narino
2024-12-18,0.29450767189046206,0.40853831566523585,Narino
2025-01-01,0.3878453822955101,0.6062409695038905,Narino
2025-01-17,0.46678370615178105,0.750879995835258,Narino
2025-02-02,0.3379328227251588,0.4616198381558464,Narino
2025-02-18,0.3460753570659574,0.6261438136167933,Narino
2025-03-06,0.45264976057736306,0.7114792714320249,Narino
2025-03-22,0.4792719149351848,0.6535285009061549,Narino
2025-04-07,0.3994648331544546,0.6922145839350402,Narino
2025-04-23,0.4403979171974744,0.6114914019024736,Narino
2025-05-09,0.3436980559412848,0.5874004415403036,Narino
2025-05-25,0.3609068686491299,0.5493845400947178,Narino
2025-06-10,0.4064158181907273,0.6367050427382027,Narino
2025-06-26,0.3929668590956069,0.5778051912806792,Narino
2025-07-12,0.35692376540050413,0.5311451039652394,Narino
2025-07-28,0.40791216992879653,0.6232014630326688,Narino
2025-08-13,0.34034385556932895,0.5703261822004474,Narino
2025-08-29,0.2793909289765848,0.386605546733683,Narino
2025-09-14,0.44273421927794226,0.6448472601094762,Narino
2025-09-30,0.3296062823124596,0.4953180728381788,Narino
2025-10-16,0.33665517649565224,0.5658001423305937,Narino
2025-11-01,0.309927789352779,0.5014328593940688,Narino
2025-11-17,0.32921639491438015,0.5214242985641466,Narino
2025-12-03,0.3661892325170234,0.63161345444182,Narino
2025-12-19,0.31305647803414227,0.5245350762642378,Narino
2026-01-01,0.27536337249239784,0.47348500246153996,Narino
2026-01-17,0.3518846050384143,0.6485671349839427,Narino
2026-02-02,0.3338251014966184,0.6098096201443529,Narino
2026-02-18,0.4390831890522329,0.6646007521878012,Narino
2026-03-06,0.4752443325174588,0.7896728257350589,Narino
2026-03-22,0.4800171694336609,0.734023742335332,Narino
2026-04-07,0.4608425953844718,0.7261183972622908,Narino
2026-04-23,0.41643394269748363,0.7371693707061068,Narino
2026-05-09,0.42290396686696397,0.617261188175703,Narino
2026-05-25,0.4135120133989022,0.6396718854765306,Narino
2026-06-10,0.4967565988774444,0.7594435417161315,Narino
2026-06-26,0.33464229738786777,0.5925050704698083,Narino
2026-07-12,0.384967393649451,0.6770424462725101,Narino
2026-07-28,0.39385421238937857,0.583960804139485,Narino
