date,evi,ndvi,region,evi_fuera_de_rango,ndvi_fuera_de_rango,es_duplicado
2000-02-18,0.3854537647600048,0.7389632822940034,Cauca,False,False,False
2000-03-05,0.4454441074537796,0.7726822642831966,Cauca,False,False,False
2000-03-21,0.4554939179883448,0.760733162703372,Cauca,False,False,False
2000-04-06,0.4685296225816738,0.7663790233312257,Cauca,False,False,False
2000-04-22,0.4827944790075317,0.7596259972609275,Cauca,False,False,False
2000-05-08,0.4312375340234978,0.7639773080557025,Cauca,False,False,False
2000-05-24,0.452073252142716,0.7837005177226516,Cauca,False,False,False
2000-06-09,0.4810563859843954,0.7555371425465992,Cauca,False,False,False
2000-06-25,0.4627418317306399,0.7633074700377608,Cauca,False,False,False
2000-07-11,0.4420169562321894,0.7584483645156577,Cauca,False,False,False
2000-07-27,0.4886956897062359,0.7430821883409959,Cauca,False,False,False
2000-08-12,0.4242726390274518,0.7087544829927205,Cauca,False,False,False
2000-08-28,0.4577071130672809,0.7114386574099205,Cauca,False,False,False
2000-09-13,0.4158723485885313,0.6877664035113167,Cauca,False,False,False
2000-09-29,0.4577570744947641,0.7203163968488197,Cauca,False,False,False
2000-10-15,0.4449211250819667,0.715999358545449,Cauca,False,False,False
2000-10-31,0.4479085580520002,0.7486572072965179,Cauca,False,False,False
2000-11-16,0.4286024804721641,0.7542563483944319,Cauca,False,False,False
2000-12-02,0.4553582639123985,0.7712058083037427,Cauca,False,False,False
2000-12-18,0.4816261243806439,0.7625823793125278,Cauca,False,False,False
2001-01-01,0.437611161714558,0.7567469134428642,Cauca,False,False,False
2001-01-17,0.4275057867664962,0.7537175189470435,Cauca,False,False,False
2001-02-02,0.4465274986146055,0.7315086371563944,Cauca,False,False,False
2001-02-18,0.4521015879120933,0.7245442167181075,Cauca,False,False,False
2001-03-06,0.433351307130657,0.7582726042999891,Cauca,False,False,False
2001-03-22,0.4921852755571523,0.76079756193715,Cauca,False,False,False
2001-04-07,0.4636080336770704,0.7767669791584493,Cauca,False,False,False
2001-04-23,0.4511167482908981,0.7632307161886323,Cauca,False,False,False
2001-05-09,0.4454938857683343,0.7668919245409407,Cauca,False,False,False
2001-05-25,0.4504460693284932,0.7873741247027595,Cauca,False,False,False
2001-06-10,0.4693263453096928,0.7483769283601055,Cauca,False,False,False
2001-06-26,0.4085448826395631,0.7204429145761619,Cauca,False,False,False
2001-07-12,0.4466326161615236,0.7243502107235447,Cauca,False,False,False
2001-07-28,0.4184849051205895,0.7014170808652526,Cauca,False,False,False
2001-08-13,0.4067974270073948,0.6816489848538569,Cauca,False,False,False
2001-08-29,0.376021377637193,0.6928560871378658,Cauca,False,False,False
2001-09-14,0.4014125924596761,0.6963641846492868,Cauca,False,False,False
2001-09-30,0.4012984085202221,0.6769760133677976,Cauca,False,False,False
2001-10-16,0.4157774131305096,0.6944867485897691,Cauca,False,False,False
2001-11-01,0.4389420318796127,0.7406253367237405,Cauca,False,False,False
2001-11-17,0.4282714800413148,0.7663256948249278,Cauca,False,False,False
2001-12-03,0.4413808876681159,0.7554797785655183,Cauca,False,False,False
2001-12-19,0.4948901470521987,0.7675497854794056,Cauca,False,False,False
2002-01-01,0.5019836702593882,0.7918712021885383,Cauca,False,False,False
2002-01-17,0.4513930978993054,0.7702862124727711,Cauca,False,False,False
2002-02-02,0.4451842594144699,0.7652021643874157,Cauca,False,False,False
2002-02-18,0.4661757847727703,0.7007978108998597,Cauca,False,False,False
2002-03-06,0.4380883565844841,0.7344094722362283,Cauca,False,False,False
2002-03-22,0.4767632997876249,0.7309146802073145,Cauca,False,False,False
2002-04-07,0.4457575892468369,0.7646726363076294,Cauca,False,False,False
2002-04-23,0.4612964161664925,0.7775465495558554,Cauca,False,False,False
2002-05-09,0.4361407272395776,0.7592183411335403,Cauca,False,False,False
2002-05-25,0.4381588218018374,0.7880935803034094,Cauca,False,False,False
2002-06-10,0.4936468634714858,0.7878704136017242,Cauca,False,False,False
2002-06-26,0.4535724400271296,0.7561138508666527,Cauca,False,False,False
2002-07-12,0.4527124214716563,0.7246112645577016,Cauca,False,False,False
2002-07-28,0.4263052123583828,0.7058463027556038,Cauca,False,False,False
2002-08-13,0.4051624779349626,0.6410756537933471,Cauca,False,False,False
2002-08-29,0.4345827084012972,0.6782477595562246,Cauca,False,False,False
2002-09-14,0.4402315786559935,0.6419262769557458,Cauca,False,False,False
2002-09-30,0.4488254340629166,0.7056366536943439,Cauca,False,False,False
2002-10-16,0.4384167771819034,0.6947321054802702,Cauca,False,False,False
2002-11-01,0.4305476441914122,0.7432672509695314,Cauca,False,False,False
2002-11-17,0.4515395980742962,0.7498260727597488,Cauca,False,False,False
2002-12-03,0.4893606676583568,0.753185051187452,Cauca,False,False,False
2002-12-19,0.4556108577932382,0.7743745694737704,Cauca,False,False,False
2003-01-01,0.4523747572731441,0.7735784519885749,Cauca,False,False,False
2003-01-17,0.4477912255507856,0.7538158506007974,Cauca,False,False,False
2003-02-02,0.5059868347612326,0.7323916796948248,Cauca,False,False,False
2003-02-18,0.4452407450937221,0.7614109898116819,Cauca,False,False,False
2003-03-06,0.4626587681939791,0.7674871596342742,Cauca,False,False,False
2003-03-22,0.4626446223995207,0.7568651697703185,Cauca,False,False,False
2003-04-07,0.4200058244431091,0.7826515730492175,Cauca,False,False,False
2003-04-23,0.4867268191889116,0.7792740613021832,Cauca,False,False,False
2003-05-09,0.4737280924188928,0.7572731072212429,Cauca,False,False,False
2003-05-25,0.4882860933002015,0.7677742949237328,Cauca,False,False,False
2003-06-10,0.4466104409921118,0.7770642194393874,Cauca,False,False,False
2003-06-26,0.4808714343061027,0.7666857694202552,Cauca,False,False,False
2003-07-12,0.4646877069197203,0.747736167774224,Cauca,False,False,False
2003-07-28,0.4289658955659207,0.7472883701155922,Cauca,False,False,False
2003-08-13,0.4171900459159263,0.6908216369744924,Cauca,False,False,False
2003-08-29,0.4184679626480602,0.6975987869051005,Cauca,False,False,False
2003-09-14,0.4131044815459687,0.651571909973384,Cauca,False,False,False
2003-09-30,0.44423315507702,0.6988244967808541,Cauca,False,False,False
2003-10-16,0.4526189339584582,0.7477070049228453,Cauca,False,False,False
2003-11-01,0.4703144255523337,0.7428978342025223,Cauca,False,False,False
2003-11-17,0.469475759750109,0.781616625589577,Cauca,False,False,False
2003-12-03,0.455415471632174,0.7672824885856533,Cauca,False,False,False
2003-12-19,0.4292536741437713,0.7677272867082238,Cauca,False,False,False
2004-01-01,0.4391316134721273,0.7686134609980828,Cauca,False,False,False
2004-01-17,0.4355007263393187,0.7856494270817768,Cauca,False,False,False
2004-02-02,0.4286985237477204,0.7723125848664699,Cauca,False,False,False
2004-02-18,0.4799401500438104,0.7407019649597213,Cauca,False,False,False
2004-03-05,0.4876803543243096,0.7082943834709302,Cauca,False,False,False
2004-03-21,0.4490694791683075,0.7451642079407886,Cauca,False,False,False
2004-04-06,0.4988081516705591,0.7380277355451006,Cauca,False,False,False
2004-04-22,0.4430611421630504,0.762740222137138,Cauca,False,False,False
2004-05-08,0.4439213348331313,0.7565995867998815,Cauca,False,False,False
2004-05-24,0.4329991410193628,0.7784029262994085,Cauca,False,False,False
2004-06-09,0.4288967022822625,0.771525990820871,Cauca,False,False,False
2004-06-25,0.4523795669499575,0.7595824369568772,Cauca,False,False,False
2004-07-11,0.4088385308629261,0.7667529646428158,Cauca,False,False,False
2004-07-27,0.423478080962236,0.7363823806984666,Cauca,False,False,False
2004-08-12,0.406432956212323,0.6805013303143621,Cauca,False,False,False
2004-08-28,0.4069720342076212,0.6485739075658339,Cauca,False,False,False
2004-09-13,0.3834112965526063,0.7178012984089094,Cauca,False,False,False
2004-09-29,0.4440802175830733,0.7185965289053653,Cauca,False,False,False
2004-10-15,0.4141425028228324,0.743221815380481,Cauca,False,False,False
2004-10-31,0.4216438895725087,0.7396894514498522,Cauca,False,False,False
2004-11-16,0.4718810492006148,0.7484768434045157,Cauca,False,False,False
2004-12-02,0.4656818955922003,0.7759337698852388,Cauca,False,False,False
2004-12-18,0.4461452803170413,0.7793779571396539,Cauca,False,False,False
2005-01-01,0.4660823746172055,0.7703413746354133,Cauca,False,False,False
2005-01-17,0.4691987770334745,0.7708264089343956,Cauca,False,False,False
2005-02-02,0.4219583234612831,0.7612209523003333,Cauca,False,False,False
2005-02-18,0.451371029921644,0.7515878118496055,Cauca,False,False,False
2005-03-06,0.4194511187719523,0.7810660966462122,Cauca,False,False,False
2005-03-22,0.4990399445888444,0.7501079780837241,Cauca,False,False,False
2005-04-07,0.5038469872893294,0.7616511760724248,Cauca,False,False,False
2005-04-23,0.4999087339873239,0.7757155520066922,Cauca,False,False,False
2005-05-09,0.4680379187991646,0.7861286138629577,Cauca,False,False,False
2005-05-25,0.4701367717719179,0.7761075435441074,Cauca,False,False,False
2005-06-10,0.475081887919528,0.7554784508855993,Cauca,False,False,False
2005-06-26,0.4454659852518025,0.7704678260268444,Cauca,False,False,False
2005-07-12,0.4284984902409425,0.7286081698067572,Cauca,False,False,False
2005-07-28,0.4429598563241688,0.6838973157485044,Cauca,False,False,False
2005-08-13,0.4151089858710137,0.6974931691408708,Cauca,False,False,False
2005-08-29,0.4007155496882804,0.6485023979313597,Cauca,False,False,False
2005-09-14,0.4131703469992218,0.6785439720615949,Cauca,False,False,False
2005-09-30,0.3574901518481416,0.7177190353881224,Cauca,False,False,False
2005-10-16,0.4271296323512877,0.737941797225237,Cauca,False,False,False
2005-11-01,0.4316126565203614,0.7682469954591733,Cauca,False,False,False
2005-11-17,0.4636646369660799,0.7760302359501908,Cauca,False,False,False
2005-12-03,0.4674643685141695,0.7738775948761946,Cauca,False,False,False
2005-12-19,0.4247410453088793,0.7855313724797386,Cauca,False,False,False
2006-01-01,0.4424402585684506,0.7677965974974932,Cauca,False,False,False
2006-01-17,0.4639873233791996,0.7528993918077321,Cauca,False,False,False
2006-02-02,0.4416017640284967,0.7838377761729078,Cauca,False,False,False
2006-02-18,0.4268279851620546,0.7786623481114425,Cauca,False,False,False
2006-03-06,0.445311771568867,0.7592377028739836,Cauca,False,False,False
2006-03-22,0.4508491361516991,0.7636841889579475,Cauca,False,False,False
2006-04-07,0.5019565245657016,0.7601587678323584,Cauca,False,False,False
2006-04-23,0.4433556015367267,0.7636639167558906,Cauca,False,False,False
2006-05-09,0.4446047819630821,0.7873465839664476,Cauca,False,False,False
2006-05-25,0.4493272116131602,0.761795554097358,Cauca,False,False,False
2006-06-10,0.4368278988021399,0.7832049863699595,Cauca,False,False,False
2006-06-26,0.4433139990907961,0.7520888790703417,Cauca,False,False,False
2006-07-12,0.4270885154804775,0.7367228856940627,Cauca,False,False,False
2006-07-28,0.4667943967198723,0.7264388528697516,Cauca,False,False,False
2006-08-13,0.4470035009711483,0.7244310634102101,Cauca,False,False,False
2006-08-29,0.432574528448288,0.7052984997861502,Cauca,False,False,False
2006-09-14,0.4422834252135237,0.6817169316689197,Cauca,False,False,False
2006-09-30,0.3794840331339225,0.6450128735445447,Cauca,False,False,False
2006-10-16,0.4618383130315273,0.7165511240624337,Cauca,False,False,False
2006-11-01,0.4444191025363025,0.6991820623311733,Cauca,False,False,False
2006-11-17,0.481314572426659,0.7642232910001916,Cauca,False,False,False
2006-12-03,0.4440200809138155,0.7877219669488444,Cauca,False,False,False
2006-12-19,0.4857687487242619,0.7679397592003833,Cauca,False,False,False
2007-01-01,0.4588362913976162,0.7721719634726487,Cauca,False,False,False
2007-01-17,0.467715611426659,0.7697895428089028,Cauca,False,False,False
2007-02-02,0.4340113498969143,0.7788686378376506,Cauca,False,False,False
2007-02-18,0.4614914401400748,0.7449492572753204,Cauca,False,False,False
2007-03-06,0.4808316419294882,0.7058170302819747,Cauca,False,False,False
2007-03-22,0.4721391898489495,0.7633007887483942,Cauca,False,False,False
2007-04-07,0.4641840543327126,0.7614132808419509,Cauca,False,False,False
2007-04-23,0.4886442003122077,0.7636293966991932,Cauca,False,False,False
2007-05-09,0.4908074375770024,0.7821457665542112,Cauca,False,False,False
2007-05-25,0.4887050139113505,0.7711650846241926,Cauca,False,False,False
2007-06-10,0.4697425038329141,0.7658190562783521,Cauca,False,False,False
2007-06-26,0.4444091230618232,0.7731118329612197,Cauca,False,False,False
2007-07-12,0.4641258358494782,0.7641575558344329,Cauca,False,False,False
2007-07-28,0.4308850951200938,0.753775817150274,Cauca,False,False,False
2007-08-13,0.4516992959788303,0.7379738896473856,Cauca,False,False,False
2007-08-29,0.4142195197119426,0.7255436907271586,Cauca,False,False,False
2007-09-14,0.4142032850670762,0.7047461308795959,Cauca,False,False,False
2007-09-30,0.4028332418565907,0.6970638865260712,Cauca,False,False,False
2007-10-16,0.4528531456443804,0.7194592508388862,Cauca,False,False,False
2007-11-01,0.4349555483112798,0.7592287902806912,Cauca,False,False,False
2007-11-17,0.42247594873057,0.7612473487140642,Cauca,False,False,False
2007-12-03,0.4075136318578497,0.7935005246493431,Cauca,False,False,False
2007-12-19,0.4467473608894436,0.7573128517328184,Cauca,False,False,False
2008-01-01,0.4625967680987847,0.7515136423440735,Cauca,False,False,False
2008-01-17,0.444790643005103,0.7588776926213551,Cauca,False,False,False
2008-02-02,0.4844287334828472,0.7529471762983468,Cauca,False,False,False
2008-02-18,0.4681741973766373,0.7590397081512814,Cauca,False,False,False
2008-03-05,0.4683210859000181,0.7778860846283989,Cauca,False,False,False
2008-03-21,0.4613722473788316,0.7636642294837545,Cauca,False,False,False
2008-04-06,0.4778744568616681,0.7629378076777007,Cauca,False,False,False
2008-04-22,0.4605885034747773,0.7552113225016908,Cauca,False,False,False
2008-05-08,0.4338517833154725,0.7840096824764783,Cauca,False,False,False
2008-05-24,0.4815750571766281,0.769220210028062,Cauca,False,False,False
2008-06-09,0.4814562359762138,0.7870040542965793,Cauca,False,False,False
2008-06-25,0.4600931865419517,0.7653633627457651,Cauca,False,False,False
2008-07-11,0.4995101822004111,0.7745934481685168,Cauca,False,False,False
2008-07-27,0.4341893401391322,0.7661434356439834,Cauca,False,False,False
2008-08-12,0.4729799848824734,0.777028901750985,Cauca,False,False,False
2008-08-28,0.4516475519914337,0.7459659168736292,Cauca,False,False,False
2008-09-13,0.5007175562189496,0.7285428928675582,Cauca,False,False,False
2008-09-29,0.4949726029332016,0.7485935812629503,Cauca,False,False,False
2008-10-15,0.4809809380337537,0.7511904629817171,Cauca,False,False,False
2008-10-31,0.4515565328806614,0.7540063885005385,Cauca,False,False,False
2008-11-16,0.4190658069036267,0.7752689553816686,Cauca,False,False,False
2008-12-02,0.4606922094045569,0.7758560019312359,Cauca,False,False,False
2008-12-18,0.4402341064619197,0.7396892092618981,Cauca,False,False,False
2009-01-01,0.4519564918164013,0.7512295695879031,Cauca,False,False,False
2009-01-17,0.442773163204378,0.7558448443796287,Cauca,False,False,False
2009-02-02,0.4435874168070187,0.7642267717624656,Cauca,False,False,False
2009-02-18,0.4207201285355624,0.7561715292945504,Cauca,False,False,False
2009-03-06,0.5101217251578442,0.7160308432664578,Cauca,False,False,False
2009-03-22,0.5046411527252173,0.7593469495879649,Cauca,False,False,False
2009-04-07,0.5045403453949603,0.739492359264988,Cauca,False,False,False
2009-04-23,0.489100647771671,0.7839866014783782,Cauca,False,False,False
2009-05-09,0.4860897980066658,0.7657422954148857,Cauca,False,False,False
2009-05-25,0.4550034592804621,0.7652179980243642,Cauca,False,False,False
2009-06-10,0.4549397133942702,0.7726531980494027,Cauca,False,False,False
2009-06-26,0.4651155570594951,0.7398952557086524,Cauca,False,False,False
2009-07-12,0.4641250531848361,0.7485228551152678,Cauca,False,False,False
2009-07-28,0.4422045268838552,0.7157626420350534,Cauca,False,False,False
2009-08-13,0.4301347755426826,0.7165441805301465,Cauca,False,False,False
2009-08-29,0.4046372719102364,0.728147292562381,Cauca,False,False,False
2009-09-14,0.460155710072129,0.6430065061365611,Cauca,False,False,False
2009-09-30,0.4201586653415404,0.6743044743562744,Cauca,False,False,False
2009-10-16,0.437485978763737,0.670550090440972,Cauca,False,False,False
2009-11-01,0.461972246315082,0.7434405870604038,Cauca,False,False,False
2009-11-17,0.4539317931577769,0.7450697163417392,Cauca,False,False,False
2009-12-03,0.4716133408064406,0.7475398266749549,Cauca,False,False,False
2009-12-19,0.4177635076903329,0.7803437285564687,Cauca,False,False,False
2010-01-01,0.449044311291333,0.775878961769589,Cauca,False,False,False
2010-01-17,0.4572241465617992,0.7388113571546077,Cauca,False,False,False
2010-02-02,0.4335586571004257,0.7363440830899629,Cauca,False,False,False
2010-02-18,0.3938628953684706,0.7701271247565735,Cauca,False,False,False
2010-03-06,0.4610278126052161,0.7230963788331737,Cauca,False,False,False
2010-03-22,0.4331302563447883,0.7538820316828799,Cauca,False,False,False
2010-04-07,0.5045419243961035,0.774612251043906,Cauca,False,False,False
2010-04-23,0.4382872218438903,0.7766168167173637,Cauca,False,False,False
2010-05-09,0.4933843289330024,0.7586678033183634,Cauca,False,False,False
2010-05-25,0.4636976819655632,0.789475994870333,Cauca,False,False,False
2010-06-10,0.4628101585485779,0.7743204830533025,Cauca,False,False,False
2010-06-26,0.4571229649745852,0.7751156785107987,Cauca,False,False,False
2010-07-12,0.444045341363012,0.7830022078951142,Cauca,False,False,False
2010-07-28,0.4649565396830575,0.7686607648732892,Cauca,False,False,False
2010-08-13,0.4538118367653413,0.7508435671368432,Cauca,False,False,False
2010-08-29,0.4300304750970663,0.7497965819028979,Cauca,False,False,False
2010-09-14,0.4577271744844619,0.7416178418480593,Cauca,False,False,False
2010-09-30,0.4599599185711728,0.7270004739473843,Cauca,False,False,False
2010-10-16,0.5080853405355775,0.7480096539247136,Cauca,False,False,False
2010-11-01,0.4611271623477543,0.7170971450628121,Cauca,False,False,False
2010-11-17,0.456594851305945,0.7775259838962005,Cauca,False,False,False
2010-12-03,0.4655707690250766,0.7750372815388319,Cauca,False,False,False
2010-12-19,0.4561026295861131,0.7594287617330553,Cauca,False,False,False
2011-01-01,0.4477885692120438,0.7584979550547586,Cauca,False,False,False
2011-01-17,0.4622163205030076,0.7444149402131912,Cauca,False,False,False
2011-02-02,0.458765492276271,0.7383673915331358,Cauca,False,False,False
2011-02-18,0.4392569591441611,0.7806752566877041,Cauca,False,False,False
2011-03-06,0.4822860198936616,0.7686492578167936,Cauca,False,False,False
2011-03-22,0.4408178239982167,0.7833128971166141,Cauca,False,False,False
2011-04-07,0.4779333247923626,0.777367531819043,Cauca,False,False,False
2011-04-23,0.4691073040108927,0.7729891271257153,Cauca,False,False,False
2011-05-09,0.487621734855669,0.7730372039527781,Cauca,False,False,False
2011-05-25,0.4354460228671518,0.7955568636444107,Cauca,False,False,False
2011-06-10,0.4413063841781145,0.8024785351312589,Cauca,False,False,False
2011-06-26,0.4798345005565998,0.7878584048008456,Cauca,False,False,False
2011-07-12,0.4897393530846947,0.7733758883788026,Cauca,False,False,False
2011-07-28,0.4652894757513014,0.7437923621862762,Cauca,False,False,False
2011-08-13,0.4532688026274248,0.7549163459229884,Cauca,False,False,False
2011-08-29,0.4660475685226684,0.7284448006312584,Cauca,False,False,False
2011-09-14,0.5018733615205002,0.6963152504113419,Cauca,False,False,False
2011-09-30,0.4722068438694211,0.7118470669530823,Cauca,False,False,False
2011-10-16,0.5031087216501154,0.7339434059498626,Cauca,False,False,False
2011-11-01,0.446104156519789,0.7595940221016114,Cauca,False,False,False
2011-11-17,0.5015897120047031,0.7522983418399656,Cauca,False,False,False
2011-12-03,0.4401239540890781,0.7530302901692091,Cauca,False,False,False
2011-12-19,0.4331160015390309,0.7587248062376091,Cauca,False,False,False
2012-01-01,0.4481023829420406,0.7801498194459816,Cauca,False,False,False
2012-01-17,0.4413104851801229,0.7982398777107822,Cauca,False,False,False
2012-02-02,0.5042570799590496,0.7705174688727628,Cauca,False,False,False
2012-02-18,0.4604737944231363,0.7807433575741022,Cauca,False,False,False
2012-03-05,0.4763876069301042,0.7414305283080702,Cauca,False,False,False
2012-03-21,0.4497711819884306,0.7559178134054465,Cauca,False,False,False
2012-04-06,0.5232761863577929,0.7827203593558534,Cauca,False,False,False
2012-04-22,0.5008964269345655,0.7774663390118098,Cauca,False,False,False
2012-05-08,0.4412078169508368,0.782534286774234,Cauca,False,False,False
2012-05-24,0.4631286090683292,0.7378206887129248,Cauca,False,False,False
2012-06-09,0.4525295598419919,0.7895728680452301,Cauca,False,False,False
2012-06-25,0.4667680860401541,0.7553578031970062,Cauca,False,False,False
2012-07-11,0.4394493558277973,0.7382261710106593,Cauca,False,False,False
2012-07-27,0.3941187456240477,0.7223111340146965,Cauca,False,False,False
2012-08-12,0.4202864252613339,0.7094508650296477,Cauca,False,False,False
2012-08-28,0.4035010484933521,0.6411097420567109,Cauca,False,False,False
2012-09-13,0.372297637170928,0.6646886583249014,Cauca,False,False,False
2012-09-29,0.3593145951567182,0.6331111437191572,Cauca,False,False,False
2012-10-15,0.4210743138371168,0.7069635455232897,Cauca,False,False,False
2012-10-31,0.4485442060960201,0.7395349267331442,Cauca,False,False,False
2012-11-16,0.4652967447736683,0.7477861849589522,Cauca,False,False,False
2012-12-02,0.4281076094927009,0.7780586431154655,Cauca,False,False,False
2012-12-18,0.4990619993912308,0.757834031853256,Cauca,False,False,False
2013-01-01,0.4941569834517059,0.7596903453250086,Cauca,False,False,False
2013-01-17,0.4530443138713673,0.745301091271658,Cauca,False,False,False
2013-02-02,0.4821503334670977,0.7545784137103169,Cauca,False,False,False
2013-02-18,0.5089853120855516,0.7461338359593733,Cauca,False,False,False
2013-03-06,0.4818055631693656,0.7638598051374041,Cauca,False,False,False
2013-03-22,0.5035739625053398,0.7571122299216123,Cauca,False,False,False
2013-04-07,0.4756197027645056,0.7555003200444247,Cauca,False,False,False
2013-04-23,0.4408132921247176,0.7854440042915525,Cauca,False,False,False
2013-05-09,0.4540218878569819,0.7712511813634038,Cauca,False,False,False
2013-05-25,0.4687538485647408,0.7954515549912672,Cauca,False,False,False
2013-06-10,0.4727977646086712,0.7723093303902544,Cauca,False,False,False
2013-06-26,0.4599172260047872,0.7765007291155276,Cauca,False,False,False
2013-07-12,0.462776775529779,0.753334779518864,Cauca,False,False,False
2013-07-28,0.4568416341086375,0.7354779845777571,Cauca,False,False,False
2013-08-13,0.4395142111356589,0.7234917775387093,Cauca,False,False,False
2013-08-29,0.4241659992861762,0.7302840812587437,Cauca,False,False,False
2013-09-14,0.4787006890255562,0.712714686028834,Cauca,False,False,False
2013-09-30,0.4557039628489677,0.7085346874666208,Cauca,False,False,False
2013-10-16,0.456594236358418,0.7376303004185175,Cauca,False,False,False
2013-11-01,0.4480389311526564,0.7337618188446192,Cauca,False,False,False
2013-11-17,0.4914640294464,0.7741332387433136,Cauca,False,False,False
2013-12-03,0.4553476471244437,0.7631209136399018,Cauca,False,False,False
2013-12-19,0.471445636857232,0.7701785735877736,Cauca,False,False,False
2014-01-01,0.4845602030791475,0.7599035935415837,Cauca,False,False,False
2014-01-17,0.4698482087139942,0.7619165946765551,Cauca,False,False,False
2014-02-02,0.4691764586771019,0.7469723765180364,Cauca,False,False,False
2014-02-18,0.4659567181852001,0.7595274249046371,Cauca,False,False,False
2014-03-06,0.4480957526650889,0.7722132641009007,Cauca,False,False,False
2014-03-22,0.4601755340201068,0.7612596448518607,Cauca,False,False,False
2014-04-07,0.4633129831398981,0.7649320987056926,Cauca,False,False,False
2014-04-23,0.4360119699669039,0.7934897144114187,Cauca,False,False,False
2014-05-09,0.4632070702603673,0.796640699816778,Cauca,False,False,False
2014-05-25,0.4795227842584721,0.7797797232491145,Cauca,False,False,False
2014-06-10,0.4674430097744977,0.777742823389004,Cauca,False,False,False
2014-06-26,0.4466823364439075,0.7729964965883611,Cauca,False,False,False
2014-07-12,0.425560226437436,0.7220325852169202,Cauca,False,False,False
2014-07-28,0.4295968197546814,0.7331320405703647,Cauca,False,False,False
2014-08-13,0.4541067612680735,0.6890489683513733,Cauca,False,False,False
2014-08-29,0.4569488922538365,0.6873744197335075,Cauca,False,False,False
2014-09-14,0.4161899893651633,0.6937704773049836,Cauca,False,False,False
2014-09-30,0.4165666597218307,0.6820303989552445,Cauca,False,False,False
2014-10-16,0.4549260098211821,0.700723593329598,Cauca,False,False,False
2014-11-01,0.4716252712198992,0.7707142754802189,Cauca,False,False,False
2014-11-17,0.4953518548533459,0.7748781622119657,Cauca,False,False,False
2014-12-03,0.4856048325955162,0.7778263274542753,Cauca,False,False,False
2014-12-19,0.4425960880943234,0.7852414628130272,Cauca,False,False,False
2015-01-01,0.460352805554948,0.7790617731418843,Cauca,False,False,False
2015-01-17,0.4558926612738027,0.7647265312527508,Cauca,False,False,False
2015-02-02,0.483588416823598,0.7363587507765647,Cauca,False,False,False
2015-02-18,0.4988542009158158,0.752448347642859,Cauca,False,False,False
2015-03-06,0.4636399574187932,0.7478525141312747,Cauca,False,False,False
2015-03-22,0.471594379368069,0.7442769837815394,Cauca,False,False,False
2015-04-07,0.4974326321835457,0.774751691062813,Cauca,False,False,False
2015-04-23,0.5039643946966813,0.7783199369332752,Cauca,False,False,False
2015-05-09,0.4933716164803662,0.774259204668411,Cauca,False,False,False
2015-05-25,0.479892310702126,0.7838314301127063,Cauca,False,False,False
2015-06-10,0.445657136402783,0.767216224204838,Cauca,False,False,False
2015-06-26,0.4557272374257004,0.7327092912012474,Cauca,False,False,False
2015-07-12,0.4428837168700919,0.7516612673879683,Cauca,False,False,False
2015-07-28,0.423884547426073,0.6995571664637125,Cauca,False,False,False
2015-08-13,0.4227122552652087,0.690604251591547,Cauca,False,False,False
2015-08-29,0.3810322353381196,0.6809098199909025,Cauca,False,False,False
2015-09-14,0.4055190387730986,0.6641518416053972,Cauca,False,False,False
2015-09-30,0.3992342686016937,0.7569232514456328,Cauca,False,False,False
2015-10-16,0.4075920235532747,0.7133240384047941,Cauca,False,False,False
2015-11-01,0.4539849158992547,0.7571424318985788,Cauca,False,False,False
2015-11-17,0.4982209727610232,0.7739077386187806,Cauca,False,False,False
2015-12-03,0.4346206380447044,0.784846273165306,Cauca,False,False,False
2015-12-19,0.4625883027924584,0.7617337437609796,Cauca,False,False,False
2016-01-01,0.490413605532188,0.7423494297578844,Cauca,False,False,False
2016-01-17,0.4623279486679038,0.7452716094572117,Cauca,False,False,False
2016-02-02,0.4462986715769274,0.7181629701531299,Cauca,False,False,False
2016-02-18,0.3885132420091319,0.6485890410958899,Cauca,False,False,False
2016-03-05,0.4887921263182443,0.7237503129398551,Cauca,False,False,False
2016-03-21,0.4346918501654039,0.7356208341585558,Cauca,False,False,False
2016-04-06,0.5169609052511056,0.7548425457495878,Cauca,False,False,False
2016-04-22,0.441036069620526,0.7999516679360904,Cauca,False,False,False
2016-05-08,0.4930864212733283,0.767357396270601,Cauca,False,False,False
2016-05-24,0.4536318858275271,0.784746287631807,Cauca,False,False,False
2016-06-09,0.4770950118233767,0.7661788568157547,Cauca,False,False,False
2016-06-25,0.4395228677734976,0.7443312072396304,Cauca,False,False,False
2016-07-11,0.4409752864064152,0.723158400198881,Cauca,False,False,False
2016-07-27,0.4247512137211125,0.7303289786994046,Cauca,False,False,False
2016-08-12,0.428836625634795,0.7022182360367637,Cauca,False,False,False
2016-08-28,0.4217561821032988,0.6677833937371107,Cauca,False,False,False
2016-09-13,0.4188374340914176,0.7200791004302158,Cauca,False,False,False
2016-09-29,0.4085996478865007,0.6748056868476741,Cauca,False,False,False
2016-10-15,0.4456189760437986,0.7490894450438529,Cauca,False,False,False
2016-10-31,0.4735771879122297,0.7604341792570802,Cauca,False,False,False
2016-11-16,0.473990756932918,0.7781129400966362,Cauca,False,False,False
2016-12-02,0.5028698941164749,0.7770491578938171,Cauca,False,False,False
2016-12-18,0.488084751667434,0.7840307470346111,Cauca,False,False,False
2017-01-01,0.4905437210464633,0.765516446930923,Cauca,False,False,False
2017-01-17,0.4275425214332639,0.8187603019089146,Cauca,False,False,False
2017-02-02,0.4373054172143201,0.7922075605257765,Cauca,False,False,False
2017-02-18,0.4502291968630778,0.7937570121385329,Cauca,False,False,False
2017-03-06,0.4617660991906597,0.7849091017862229,Cauca,False,False,False
2017-03-22,0.4394455797282574,0.8018296620900568,Cauca,False,False,False
2017-04-07,0.4683618811584386,0.7803484064491487,Cauca,False,False,False
2017-04-23,0.4918334376402803,0.7830768614168954,Cauca,False,False,False
2017-05-09,0.4914722087630606,0.8124522708121868,Cauca,False,False,False
2017-05-25,0.4555121080496485,0.7950164446037371,Cauca,False,False,False
2017-06-10,0.4853014512560778,0.7931169642089602,Cauca,False,False,False
2017-06-26,0.4836974381677402,0.7822754464167929,Cauca,False,False,False
2017-07-12,0.491865978363279,0.7745212517400596,Cauca,False,False,False
2017-07-28,0.4461012092660404,0.7598003117817086,Cauca,False,False,False
2017-08-13,0.4793975024170747,0.7494172155746888,Cauca,False,False,False
2017-08-29,0.4469916130961968,0.7436202393945187,Cauca,False,False,False
2017-09-14,0.4338167725363928,0.7202941819077264,Cauca,False,False,False
2017-09-30,0.4532354017076383,0.7363415881403317,Cauca,False,False,False
2017-10-16,0.4702768790299422,0.6944503703060904,Cauca,False,False,False
2017-11-01,0.4606004738048183,0.7345127800871528,Cauca,False,False,False
2017-11-17,0.4650369127962633,0.7616492166054829,Cauca,False,False,False
2017-12-03,0.4176266563353267,0.7914413596457143,Cauca,False,False,False
2017-12-19,0.4885278359278934,0.7680825263669743,Cauca,False,False,False
2018-01-01,0.4793357215771638,0.7859437487331576,Cauca,False,False,False
2018-01-17,0.4968258025260047,0.7623066876737614,Cauca,False,False,False
2018-02-02,0.4545909811825331,0.765731523532597,Cauca,False,False,False
2018-02-18,0.4656013663438065,0.7652932946597203,Cauca,False,False,False
2018-03-06,0.4790257592605041,0.7519894894815089,Cauca,False,False,False
2018-03-22,0.4926428762484466,0.746371123797143,Cauca,False,False,False
2018-04-07,0.4735657503242712,0.7653867979541632,Cauca,False,False,False
2018-04-23,0.4658611600205521,0.7639954454533193,Cauca,False,False,False
2018-05-09,0.481187557345489,0.7966937848517593,Cauca,False,False,False
2018-05-25,0.4455562555588533,0.7762374577729892,Cauca,False,False,False
2018-06-10,0.4852008817029349,0.7655522751018661,Cauca,False,False,False
2018-06-26,0.4592902126444884,0.7744395834364965,Cauca,False,False,False
2018-07-12,0.4405018022423073,0.724911210912881,Cauca,False,False,False
2018-07-28,0.4644718762049767,0.7454457530469718,Cauca,False,False,False
2018-08-13,0.4517823955235063,0.7119100880025354,Cauca,False,False,False
2018-08-29,0.4301455224059563,0.7172528723596694,Cauca,False,False,False
2018-09-14,0.4631097150205936,0.709732241748184,Cauca,False,False,False
2018-09-30,0.476296117366011,0.743709630184798,Cauca,False,False,False
2018-10-16,0.4611274471874283,0.7545949075413909,Cauca,False,False,False
2018-11-01,0.5186709642184493,0.7486744626427708,Cauca,False,False,False
2018-11-17,0.4898305959087634,0.7686543774021927,Cauca,False,False,False
2018-12-03,0.4851186051124227,0.7792241562636458,Cauca,False,False,False
2018-12-19,0.485425793854781,0.7687978613353538,Cauca,False,False,False
2019-01-01,0.4484376754407952,0.7719320330771919,Cauca,False,False,False
2019-01-17,0.4484470221460218,0.758696681831284,Cauca,False,False,False
2019-02-02,0.4390407770954986,0.7444153401048876,Cauca,False,False,False
2019-02-18,0.4438285233175824,0.7630114864464617,Cauca,False,False,False
2019-03-06,0.5268228603096704,0.7511858404714354,Cauca,False,False,False
2019-03-22,0.5004384290305555,0.7686262182219835,Cauca,False,False,False
2019-04-07,0.44619524336277,0.789258547332466,Cauca,False,False,False
2019-04-23,0.4904763099437683,0.7685084627400707,Cauca,False,False,False
2019-05-09,0.4940458275028696,0.7826389562593853,Cauca,False,False,False
2019-05-25,0.494971536785569,0.7948105892051313,Cauca,False,False,False
2019-06-10,0.4773667283103954,0.77339749883871,Cauca,False,False,False
2019-06-26,0.4898136396823118,0.7644665904956649,Cauca,False,False,False
2019-07-12,0.4698174643065369,0.7667051678889704,Cauca,False,False,False
2019-07-28,0.4580787115783762,0.7291655823076818,Cauca,False,False,False
2019-08-13,0.4416900858052565,0.7071606356776341,Cauca,False,False,False
2019-08-29,0.4283974897625492,0.662512500288441,Cauca,False,False,False
2019-09-14,0.3787499782235401,0.621516598560637,Cauca,False,False,False
2019-09-30,0.4058720708258774,0.7185602447570086,Cauca,False,False,False
2019-10-16,0.4854866877287639,0.7511693003664355,Cauca,False,False,False
2019-11-01,0.4786521731167643,0.7771506841639972,Cauca,False,False,False
2019-11-17,0.4899318634237335,0.7609594824956611,Cauca,False,False,False
2019-12-03,0.4959556064900985,0.7762532169705816,Cauca,False,False,False
2019-12-19,0.4836822966832837,0.7898758909659422,Cauca,False,False,False
2020-01-01,0.4600871567888773,0.7927911185999249,Cauca,False,False,False
2020-01-17,0.4791218968299837,0.7702476454964599,Cauca,False,False,False
2020-02-02,0.5058349353666949,0.7754700753818605,Cauca,False,False,False
2020-02-18,0.4714158283401475,0.7477902541382682,Cauca,False,False,False
2020-03-05,0.4409214810272772,0.7453084555606506,Cauca,False,False,False
2020-03-21,0.494465384734483,0.774936682098464,Cauca,False,False,False
2020-04-06,0.4832085902316712,0.7990120090147529,Cauca,False,False,False
2020-04-22,0.4877263893165287,0.7765560677872829,Cauca,False,False,False
2020-05-08,0.4667697736561051,0.806437800597147,Cauca,False,False,False
2020-05-24,0.485462726573188,0.8046985228001627,Cauca,False,False,False
2020-06-09,0.4897172515231414,0.7875842960282627,Cauca,False,False,False
2020-06-25,0.4575712945384814,0.7794360047146163,Cauca,False,False,False
2020-07-11,0.4637996772467011,0.7917801569203524,Cauca,False,False,False
2020-07-27,0.4399557696056183,0.7432344620731918,Cauca,False,False,False
2020-08-12,0.414582369787562,0.7595603694625473,Cauca,False,False,False
2020-08-28,0.4527807605202698,0.7759599762839042,Cauca,False,False,False
2020-09-13,0.4801294696456064,0.7248282766410779,Cauca,False,False,False
2020-09-29,0.5033718193284488,0.7330740677865331,Cauca,False,False,False
2020-10-15,0.4421157043928703,0.7566495492979746,Cauca,False,False,False
2020-10-31,0.4660375070621578,0.745134459644303,Cauca,False,False,False
2020-11-16,0.4473202380483119,0.7412260418770515,Cauca,False,False,False
2020-12-02,0.4621754366426944,0.7644370872283476,Cauca,False,False,False
2020-12-18,0.4661457774699236,0.788250230471595,Cauca,False,False,False
2021-01-01,0.4813625149860294,0.764289597480342,Cauca,False,False,False
2021-01-17,0.4731202523003627,0.7891154452167607,Cauca,False,False,False
2021-02-02,0.4713295642605749,0.7512440035488703,Cauca,False,False,False
2021-02-18,0.4785825238756565,0.7646013771455764,Cauca,False,False,False
2021-03-06,0.5454787914121269,0.7758665116078719,Cauca,False,False,False
2021-03-22,0.495688572700433,0.7849784885037582,Cauca,False,False,False
2021-04-07,0.521437116409536,0.7484524772802847,Cauca,False,False,False
2021-04-23,0.507768504619605,0.7817386332372869,Cauca,False,False,False
2021-05-09,0.4935531633156536,0.7664606147029567,Cauca,False,False,False
2021-05-25,0.4919307844259441,0.7975990191634971,Cauca,False,False,False
2021-06-10,0.4763278054435722,0.8026540452672516,Cauca,False,False,False
2021-06-26,0.4672040114295853,0.8032398383107924,Cauca,False,False,False
2021-07-12,0.4574435330921172,0.7668351280309886,Cauca,False,False,False
2021-07-28,0.4474018731311738,0.771584355029598,Cauca,False,False,False
2021-08-13,0.4212830615703763,0.7842128118674045,Cauca,False,False,False
2021-08-29,0.5056458002466686,0.7455846837356533,Cauca,False,False,False
2021-09-14,0.5204648336860052,0.7406979452099106,Cauca,False,False,False
2021-09-30,0.4883513389267632,0.7384478146518956,Cauca,False,False,False
2021-10-16,0.4828570399970409,0.7576782285654543,Cauca,False,False,False
2021-11-01,0.4706457032162902,0.7725967542919736,Cauca,False,False,False
2021-11-17,0.4801870876813069,0.766361051950927,Cauca,False,False,False
2021-12-03,0.473901359615505,0.766861931867097,Cauca,False,False,False
2021-12-19,0.4814553735259268,0.772669563555123,Cauca,False,False,False
2022-01-01,0.5040199137877627,0.769126080083371,Cauca,False,False,False
2022-01-17,0.5116739288279426,0.762527734446616,Cauca,False,False,False
2022-02-02,0.4622613886809508,0.7490608045944455,Cauca,False,False,False
2022-02-18,0.4615899883574145,0.7584702296022056,Cauca,False,False,False
2022-03-06,0.4853751779764983,0.7556273595945509,Cauca,False,False,False
2022-03-22,0.5275843086471881,0.7813910884730528,Cauca,False,False,False
2022-04-07,0.5377349185298426,0.751296704369792,Cauca,False,False,False
2022-04-23,0.4755228387421703,0.793429471021483,Cauca,False,False,False
2022-05-09,0.4784890893647388,0.7729366463934244,Cauca,False,False,False
2022-05-25,0.456595081483855,0.7777741216194853,Cauca,False,False,False
2022-06-10,0.4647766519886807,0.7978389914891098,Cauca,False,False,False
2022-06-26,0.4578963738306141,0.7800350122328406,Cauca,False,False,False
2022-07-12,0.4864155365416602,0.7604883514562333,Cauca,False,False,False
2022-07-28,0.4515949044911668,0.789963029259203,Cauca,False,False,False
2022-08-13,0.4528189931625597,0.7743361969510718,Cauca,False,False,False
2022-08-29,0.4545516675386821,0.7666782776476049,Cauca,False,False,False
2022-09-14,0.4867754462516916,0.7469513896562607,Cauca,False,False,False
2022-09-30,0.4549882809464725,0.7566140203747385,Cauca,False,False,False
2022-10-16,0.4274431109175793,0.7563845535528947,Cauca,False,False,False
2022-11-01,0.471090913538307,0.7572442924369461,Cauca,False,False,False
2022-11-17,0.4786336925000763,0.7703220612214536,Cauca,False,False,False
2022-12-03,0.4950826941618799,0.7661732045306835,Cauca,False,False,False
2022-12-19,0.457093084907156,0.7811646710564603,Cauca,False,False,False
2023-01-01,0.4392375583860973,0.7825099730702371,Cauca,False,False,False
2023-01-17,0.44230514527307,0.7685410909224872,Cauca,False,False,False
2023-02-02,0.4970910302200539,0.769455176609681,Cauca,False,False,False
2023-02-18,0.4522477523053503,0.7751215826104271,Cauca,False,False,False
2023-03-06,0.4803918672329178,0.8086015641664683,Cauca,False,False,False
2023-03-22,0.4638962408953583,0.788020257848616,Cauca,False,False,False
2023-04-07,0.4797459656354585,0.7671697933572981,Cauca,False,False,False
2023-04-23,0.4887448162629479,0.7857561603778018,Cauca,False,False,False
2023-05-09,0.5110031898226658,0.781734176659351,Cauca,False,False,False
2023-05-25,0.4507678066386234,0.7979994431270432,Cauca,False,False,False
2023-06-10,0.4962489388642209,0.7956047356316471,Cauca,False,False,False
2023-06-26,0.4698405455985897,0.7839509466915833,Cauca,False,False,False
2023-07-12,0.4460461422841129,0.7843947669205885,Cauca,False,False,False
2023-07-28,0.4401290153683702,0.7494188510055332,Cauca,False,False,False
2023-08-13,0.4181296163316623,0.7562760143885375,Cauca,False,False,False
2023-08-29,0.4269870717825967,0.7534556972961224,Cauca,False,False,False
2023-09-14,0.4513847989606179,0.7227985247090039,Cauca,False,False,False
2023-09-30,0.4005658704064669,0.6778302350048411,Cauca,False,False,False
2023-10-16,0.3923203567433757,0.7469147143093529,Cauca,False,False,False
2023-11-01,0.4615142749908258,0.7810764612370082,Cauca,False,False,False
2023-11-17,0.4921094426332753,0.781521612780013,Cauca,False,False,False
2023-12-03,0.4843774859999711,0.7724358511843439,Cauca,False,False,False
2023-12-19,0.4933527822925567,0.7780155367176392,Cauca,False,False,False
2024-01-01,0.4727742838840593,0.8001315243050732,Cauca,False,False,False
2024-01-17,0.4768721967268419,0.7888954201742954,Cauca,False,False,False
2024-02-02,0.5310907067362185,0.7601508305602633,Cauca,False,False,False
2024-02-18,0.4596763726904035,0.796207630687379,Cauca,False,False,False
2024-03-05,0.4694287570578516,0.7597948730075168,Cauca,False,False,False
2024-03-21,0.4372273121295625,0.7614323865886562,Cauca,False,False,False
2024-04-06,0.4557145770217569,0.7625305906556751,Cauca,False,False,False
2024-04-22,0.510161942987865,0.7864914298541275,Cauca,False,False,False
2024-05-08,0.4804231145364721,0.7831240722876467,Cauca,False,False,False
2024-05-24,0.4528215864095168,0.8110707398947836,Cauca,False,False,False
2024-06-09,0.4784042246038306,0.7782468962246586,Cauca,False,False,False
2024-06-25,0.4441794835650565,0.7941659234914217,Cauca,False,False,False
2024-07-11,0.4639804979646816,0.7935632015280325,Cauca,False,False,False
2024-07-27,0.4810013672789518,0.7737050799816981,Cauca,False,False,False
2024-08-12,0.4562413578137165,0.7573521665277462,Cauca,False,False,False
2024-08-28,0.4791385588943087,0.7472722316548449,Cauca,False,False,False
2024-09-13,0.3827465717373509,0.7312504753128969,Cauca,False,False,False
2024-09-29,0.4028162136483867,0.7364079901111936,Cauca,False,False,False
2024-10-15,0.3913481472908918,0.7502760556214456,Cauca,False,False,False
2024-10-31,0.4153947738724938,0.7893611033646036,Cauca,False,False,False
2024-11-16,0.4824417809518084,0.7685649575310355,Cauca,False,False,False
2024-12-02,0.4460907104364384,0.7564619171566455,Cauca,False,False,False
2024-12-18,0.4772152636337315,0.7711136832244059,Cauca,False,False,False
2025-01-01,0.4427984292871517,0.7575871352134258,Cauca,False,False,False
2025-01-17,0.4546616998265193,0.7956731228803325,Cauca,False,False,False
2025-02-02,0.5192703954324948,0.7691472622277384,Cauca,False,False,False
2025-02-18,0.4207781729400313,0.7751129246734755,Cauca,False,False,False
2025-03-06,0.4447630787124632,0.7789577847584283,Cauca,False,False,False
2025-03-22,0.5492701095774439,0.7721597630722914,Cauca,False,False,False
2025-04-07,0.4195787203357908,0.8116405968309877,Cauca,False,False,False
2025-04-23,0.4459101733337641,0.7919109955227764,Cauca,False,False,False
2025-05-09,0.4073993179014813,0.8118014872928075,Cauca,False,False,False
2025-05-25,0.5031984821185232,0.7805464833949652,Cauca,False,False,False
2025-06-10,0.4437042886916744,0.8061780737932678,Cauca,False,False,False
2025-06-26,0.4590202861732378,0.806964004309276,Cauca,False,False,False
2025-07-12,0.4910021964365949,0.7686071972957128,Cauca,False,False,False
2025-07-28,0.4466841360978465,0.7373043749456024,Cauca,False,False,False
2025-08-13,0.4118037332140002,0.7817055815476817,Cauca,False,False,False
2025-08-29,0.4437110130825701,0.7261711435757618,Cauca,False,False,False
2025-09-14,0.4465979219920432,0.7459920955668586,Cauca,False,False,False
2025-09-30,0.4746694231824114,0.717370873832763,Cauca,False,False,False
2025-10-16,0.3759349637450547,0.7847870627907488,Cauca,False,False,False
2025-11-01,0.4216881927833435,0.7596307942768961,Cauca,False,False,False
2025-11-17,0.4102726491975605,0.796846532437681,Cauca,False,False,False
2025-12-03,0.4187644562858509,0.7826763899564259,Cauca,False,False,False
2025-12-19,0.4045701019968684,0.7816273990473979,Cauca,False,False,False
2026-01-01,0.375288196581977,0.7820738688027961,Cauca,False,False,False
2026-01-17,0.4066628018467281,0.7830043288070077,Cauca,False,False,False
2026-02-02,0.3946310711793485,0.7861122277057417,Cauca,False,False,False
2026-02-18,0.4306801378579954,0.7642706039354937,Cauca,False,False,False
2026-03-06,0.4256959760232087,0.8086524802853772,Cauca,False,False,False
2026-03-22,0.4556586572822301,0.7813861668122944,Cauca,False,False,False
2026-04-07,0.528228372839498,0.7653386596238426,Cauca,False,False,False
2026-04-23,0.4468711205633426,0.8055856232605801,Cauca,False,False,False
2026-05-09,0.4814832259144431,0.7886924633208885,Cauca,False,False,False
2026-05-25,0.4978780619041855,0.787480297998715,Cauca,False,False,False
2026-06-10,0.5037747905702561,0.7958312385443749,Cauca,False,False,False
2026-06-26,0.3948081070105954,0.7915436125605124,Cauca,False,False,False
2026-07-12,0.4306605032228429,0.7794046297292224,Cauca,False,False,False
2026-07-28,0.4136478902238807,0.7212692058245108,Cauca,False,False,False
2000-02-18,0.3834698324656015,0.742855621998158,Narino,False,False,False
2000-03-05,0.4405255433935883,0.8143068603649309,Narino,False,False,False
2000-03-21,0.4718410046185743,0.8122883864006581,Narino,False,False,False
2000-04-06,0.538601600294729,0.8070018027280424,Narino,False,False,False
2000-04-22,0.5015491422494094,0.7600617961362053,Narino,False,False,False
2000-05-08,0.4861858903331278,0.7766541804213738,Narino,False,False,False
2000-05-24,0.47061726252265,0.7820516181929249,Narino,False,False,False
2000-06-09,0.4978664695194613,0.7990611537826527,Narino,False,False,False
2000-06-25,0.482742171391573,0.7708146652131603,Narino,False,False,False
2000-07-11,0.4571099743980765,0.7439396303565841,Narino,False,False,False
2000-07-27,0.4960949926221205,0.7376220942477949,Narino,False,False,False
2000-08-12,0.4426306244357217,0.70666676138032,Narino,False,False,False
2000-08-28,0.474097538628553,0.7161135465984972,Narino,False,False,False
2000-09-13,0.440615790705448,0.6764402555104221,Narino,False,False,False
2000-09-29,0.5213905988209647,0.7523900094766933,Narino,False,False,False
2000-10-15,0.4262826644820738,0.7025980232331401,Narino,False,False,False
2000-10-31,0.4663285388447306,0.7505153500493721,Narino,False,False,False
2000-11-16,0.4395556211191788,0.7258211683422519,Narino,False,False,False
2000-12-02,0.4720908212827517,0.7682322698862577,Narino,False,False,False
2000-12-18,0.471440707629051,0.7479289906498192,Narino,False,False,False
2001-01-01,0.4155317213828555,0.7204503701126506,Narino,False,False,False
2001-01-17,0.4403578288973368,0.7592195849372496,Narino,False,False,False
2001-02-02,0.4526242944880067,0.7343302032782468,Narino,False,False,False
2001-02-18,0.4446014230420458,0.7687390314001147,Narino,False,False,False
2001-03-06,0.497238785322343,0.7720374298149728,Narino,False,False,False
2001-03-22,0.5220090552304834,0.7679532345263045,Narino,False,False,False
2001-04-07,0.4903321072650117,0.7899371796799518,Narino,False,False,False
2001-04-23,0.4676856765886483,0.7850865208902008,Narino,False,False,False
2001-05-09,0.4637874410696354,0.7611957299179837,Narino,False,False,False
2001-05-25,0.4412391617375766,0.7573624427728407,Narino,False,False,False
2001-06-10,0.4768291348689846,0.7392990887015174,Narino,False,False,False
2001-06-26,0.4001095069125235,0.7110467759026768,Narino,False,False,False
2001-07-12,0.4554379493533663,0.7252145629948828,Narino,False,False,False
2001-07-28,0.4557974314135485,0.6948719051607288,Narino,False,False,False
2001-08-13,0.4143945107286804,0.6716275670930715,Narino,False,False,False
2001-08-29,0.3864719155582389,0.6819867673621043,Narino,False,False,False
2001-09-14,0.4008696259427897,0.6823651249985927,Narino,False,False,False
2001-09-30,0.4179741603907305,0.6493017683983808,Narino,False,False,False
2001-10-16,0.4130401814925729,0.6710810414353453,Narino,False,False,False
2001-11-01,0.3987478501576657,0.6766921669181357,Narino,False,False,False
2001-11-17,0.3501288872118064,0.6820870844728895,Narino,False,False,False
2001-12-03,0.4259166642634642,0.743738517790143,Narino,False,False,False
2001-12-19,0.486578879723289,0.7672899822525793,Narino,False,False,False
2002-01-01,0.5093834846255937,0.778400537384051,Narino,False,False,False
2002-01-17,0.4366984353956888,0.7743628007461331,Narino,False,False,False
2002-02-02,0.4422990282471238,0.7874412501091508,Narino,False,False,False
2002-02-18,0.5230869922651845,0.7555245179996715,Narino,False,False,False
2002-03-06,0.4843517365210878,0.764182853362214,Narino,False,False,False
2002-03-22,0.4906528553301812,0.765580144267247,Narino,False,False,False
2002-04-07,0.497194222769096,0.781496361020284,Narino,False,False,False
2002-04-23,0.4799276216664317,0.7711652296144543,Narino,False,False,False
2002-05-09,0.4664892704963125,0.7535911879669884,Narino,False,False,False
2002-05-25,0.4742918837755649,0.7976780604377144,Narino,False,False,False
2002-06-10,0.5097025544900632,0.7987866808397495,Narino,False,False,False
2002-06-26,0.4605299226154132,0.7483525455511314,Narino,False,False,False
2002-07-12,0.4342398012680021,0.6854679954818137,Narino,False,False,False
2002-07-28,0.4456587167333101,0.7418132269265079,Narino,False,False,False
2002-08-13,0.4090026922394313,0.6529785093632727,Narino,False,False,False
2002-08-29,0.4336767719268537,0.6499000537004309,Narino,False,False,False
2002-09-14,0.3867641534316746,0.6427873948952655,Narino,False,False,False
2002-09-30,0.4754115421534057,0.7117464097874573,Narino,False,False,False
2002-10-16,0.4301686645109623,0.685878444296943,Narino,False,False,False
2002-11-01,0.4306383071623339,0.736915036264791,Narino,False,False,False
2002-11-17,0.4799368636901416,0.7539677865503104,Narino,False,False,False
2002-12-03,0.4723282190457915,0.7331566811137596,Narino,False,False,False
2002-12-19,0.4807585258577949,0.7846006858372699,Narino,False,False,False
2003-01-01,0.4833125298870249,0.7672638648403761,Narino,False,False,False
2003-01-17,0.4571764755356913,0.7448107694092527,Narino,False,False,False
2003-02-02,0.4530555964357793,0.7287902617932283,Narino,False,False,False
2003-02-18,0.4487189455229123,0.7637078291698363,Narino,False,False,False
2003-03-06,0.5198020937607443,0.7781188776494533,Narino,False,False,False
2003-03-22,0.5021970213604898,0.7685210083802184,Narino,False,False,False
2003-04-07,0.4308552999761811,0.782815094777346,Narino,False,False,False
2003-04-23,0.512410884608755,0.8049214164973647,Narino,False,False,False
2003-05-09,0.4394052055813794,0.7732223171314669,Narino,False,False,False
2003-05-25,0.4960894473973235,0.7816612333321034,Narino,False,False,False
2003-06-10,0.4513818500919198,0.7441740992407562,Narino,False,False,False
2003-06-26,0.4621153465261405,0.753339418555943,Narino,False,False,False
2003-07-12,0.4689966962302558,0.7459112015386203,Narino,False,False,False
2003-07-28,0.4493460250611079,0.740984902130473,Narino,False,False,False
2003-08-13,0.4258948881268413,0.6771715776154754,Narino,False,False,False
2003-08-29,0.4383954452731982,0.7067822249776025,Narino,False,False,False
2003-09-14,0.4179615593232055,0.6428091396808608,Narino,False,False,False
2003-09-30,0.4011577453465883,0.6375966543843267,Narino,False,False,False
2003-10-16,0.4731673039300743,0.7193657250305113,Narino,False,False,False
2003-11-01,0.4702054087009654,0.7352048588574491,Narino,False,False,False
2003-11-17,0.4863131473481149,0.7806308104057386,Narino,False,False,False
2003-12-03,0.4713006808552926,0.7775765976471188,Narino,False,False,False
2003-12-19,0.4296785648909033,0.7790246943581335,Narino,False,False,False
2004-01-01,0.4273594428519109,0.7686141232532417,Narino,False,False,False
2004-01-17,0.481632803585807,0.7991862233395385,Narino,False,False,False
2004-02-02,0.4593685995902626,0.7952145395432402,Narino,False,False,False
2004-02-18,0.4902721102425498,0.7669989087005213,Narino,False,False,False
2004-03-05,0.4770640129384856,0.7307314003971167,Narino,False,False,False
2004-03-21,0.454554129226095,0.7523130456791993,Narino,False,False,False
2004-04-06,0.495948161484877,0.7618065906601859,Narino,False,False,False
2004-04-22,0.4427236308772357,0.7856815346478839,Narino,False,False,False
2004-05-08,0.4544543462626541,0.7532601339569064,Narino,False,False,False
2004-05-24,0.4869442477680912,0.8027183790506536,Narino,False,False,False
2004-06-09,0.4359117982409412,0.7670380451516613,Narino,False,False,False
2004-06-25,0.4624723755717872,0.7488587042163329,Narino,False,False,False
2004-07-11,0.4476404236577572,0.7906770135549966,Narino,False,False,False
2004-07-27,0.4246565081662053,0.7620628300428227,Narino,False,False,False
2004-08-12,0.3838577895727056,0.6957608891084331,Narino,False,False,False
2004-08-28,0.4347669960672729,0.6482201515334902,Narino,False,False,False
2004-09-13,0.415765754383223,0.6841030700412062,Narino,False,False,False
2004-09-29,0.4674694731109708,0.7194792429237755,Narino,False,False,False
2004-10-15,0.4067564709362531,0.711635209173004,Narino,False,False,False
2004-10-31,0.4340725377371036,0.7496850356001392,Narino,False,False,False
2004-11-16,0.4696956765727086,0.7499465027357305,Narino,False,False,False
2004-12-02,0.4657920326244775,0.7710236412553598,Narino,False,False,False
2004-12-18,0.4617821113267892,0.7863929012746732,Narino,False,False,False
2005-01-01,0.4818935228403396,0.7687053564996367,Narino,False,False,False
2005-01-17,0.4594599109044785,0.763537048718124,Narino,False,False,False
2005-02-02,0.4507121153152709,0.7733264996581137,Narino,False,False,False
2005-02-18,0.462858658377883,0.7477932592657188,Narino,False,False,False
2005-03-06,0.4455546149557162,0.7528700433070291,Narino,False,False,False
2005-03-22,0.5377797126550786,0.7770220477701354,Narino,False,False,False
2005-04-07,0.5307616371050997,0.7901505320782684,Narino,False,False,False
2005-04-23,0.4996505704789535,0.8032295380379286,Narino,False,False,False
2005-05-09,0.4990558088980903,0.7820787064260768,Narino,False,False,False
2005-05-25,0.4872555124619981,0.7957988680728788,Narino,False,False,False
2005-06-10,0.4650274866475328,0.7476960103108523,Narino,False,False,False
2005-06-26,0.4766014221317569,0.7856783106352303,Narino,False,False,False
2005-07-12,0.4350841024723296,0.7358020169150452,Narino,False,False,False
2005-07-28,0.4510138627782671,0.6829823237640115,Narino,False,False,False
2005-08-13,0.425565694952557,0.6934417073720943,Narino,False,False,False
2005-08-29,0.4427848254144269,0.6822733205461231,Narino,False,False,False
2005-09-14,0.455078943662815,0.6677305499039047,Narino,False,False,False
2005-09-30,0.3818470079319302,0.6817743173792493,Narino,False,False,False
2005-10-16,0.4059351278436284,0.7031086254379121,Narino,False,False,False
2005-11-01,0.430559571405034,0.7492370790097224,Narino,False,False,False
2005-11-17,0.4821349870606662,0.7679711642730762,Narino,False,False,False
2005-12-03,0.4627443134337967,0.7526939225105775,Narino,False,False,False
2005-12-19,0.4276473223265538,0.7710660884456383,Narino,False,False,False
2006-01-01,0.428236250229224,0.7607054802796339,Narino,False,False,False
2006-01-17,0.4493580414377558,0.7562995337021285,Narino,False,False,False
2006-02-02,0.4582223718985546,0.7698875401281294,Narino,False,False,False
2006-02-18,0.4543686234489908,0.7950906272091185,Narino,False,False,False
2006-03-06,0.5507564551194357,0.80385260233456,Narino,False,False,False
2006-03-22,0.518888433500284,0.7684127983434983,Narino,False,False,False
2006-04-07,0.5392478603147687,0.7843831741947175,Narino,False,False,False
2006-04-23,0.5114635648994454,0.7893348740974273,Narino,False,False,False
2006-05-09,0.4455584194697465,0.784648465602746,Narino,False,False,False
2006-05-25,0.4867668302749964,0.7710159094553986,Narino,False,False,False
2006-06-10,0.4426150948560176,0.7828408987139217,Narino,False,False,False
2006-06-26,0.4465236335378608,0.7486365463609356,Narino,False,False,False
2006-07-12,0.4338054135723749,0.7586613082797856,Narino,False,False,False
2006-07-28,0.4703437298430684,0.7177045637461757,Narino,False,False,False
2006-08-13,0.471705688683345,0.7240982686783202,Narino,False,False,False
2006-08-29,0.436369229984775,0.6791436266937456,Narino,False,False,False
2006-09-14,0.4526755406081849,0.711429292393769,Narino,False,False,False
2006-09-30,0.3938431921792706,0.6092094024359073,Narino,False,False,False
2006-10-16,0.4709152006136705,0.7172842599334142,Narino,False,False,False
2006-11-01,0.4319556134578811,0.6998528807993344,Narino,False,False,False
2006-11-17,0.4581259999548659,0.776335250500803,Narino,False,False,False
2006-12-03,0.4797721948106442,0.7927570951179824,Narino,False,False,False
2006-12-19,0.4952545806160492,0.7770304591959786,Narino,False,False,False
2007-01-01,0.4859400348404619,0.7788713138497132,Narino,False,False,False
2007-01-17,0.5306871315921503,0.783340805728312,Narino,False,False,False
2007-02-02,0.4336966180303373,0.7825321131067853,Narino,False,False,False
2007-02-18,0.4866963774840075,0.7496888434449139,Narino,False,False,False
2007-03-06,0.4865622992992632,0.7611843071796144,Narino,False,False,False
2007-03-22,0.4779947067784398,0.802141678226126,Narino,False,False,False
2007-04-07,0.4836938453361065,0.7973906453817171,Narino,False,False,False
2007-04-23,0.5275849096511195,0.7791401086308339,Narino,False,False,False
2007-05-09,0.5264306393631186,0.7884051122567644,Narino,False,False,False
2007-05-25,0.4640207657391981,0.7641678684520956,Narino,False,False,False
2007-06-10,0.4792658722567505,0.757191510975391,Narino,False,False,False
2007-06-26,0.446710867855256,0.7950266039443549,Narino,False,False,False
2007-07-12,0.4581348457786456,0.7621289818258563,Narino,False,False,False
2007-07-28,0.4412336277714664,0.743258168695731,Narino,False,False,False
2007-08-13,0.4461931048099717,0.7368905200178029,Narino,False,False,False
2007-08-29,0.4087486686266322,0.7071265825060375,Narino,False,False,False
2007-09-14,0.4277090680914971,0.6945305084438484,Narino,False,False,False
2007-09-30,0.4229002183445876,0.6444219023230052,Narino,False,False,False
2007-10-16,0.4815983978404779,0.7104727876069815,Narino,False,False,False
2007-11-01,0.4289370478610655,0.7706481574208196,Narino,False,False,False
2007-11-17,0.4476329905374092,0.7581925364535188,Narino,False,False,False
2007-12-03,0.4067157007500536,0.7717204655451954,Narino,False,False,False
2007-12-19,0.4737854190244663,0.7732309303946092,Narino,False,False,False
2008-01-01,0.4999015237954751,0.7431207181667178,Narino,False,False,False
2008-01-17,0.4867110248029778,0.7646199547630266,Narino,False,False,False
2008-02-02,0.489200014465449,0.7840528037169664,Narino,False,False,False
2008-02-18,0.506375962286727,0.7763961587117632,Narino,False,False,False
2008-03-05,0.4986722583342599,0.8101636797664772,Narino,False,False,False
2008-03-21,0.4768811400548259,0.7705935009212609,Narino,False,False,False
2008-04-06,0.5392960806358066,0.7923676692282857,Narino,False,False,False
2008-04-22,0.4831002899029836,0.7740128620091836,Narino,False,False,False
2008-05-08,0.4503838093694301,0.7898965213939523,Narino,False,False,False
2008-05-24,0.493150590509784,0.7718373554122743,Narino,False,False,False
2008-06-09,0.5002333381958928,0.7968851540935332,Narino,False,False,False
2008-06-25,0.5048715641595714,0.7792238805841649,Narino,False,False,False
2008-07-11,0.5281269704980269,0.7980112437288336,Narino,False,False,False
2008-07-27,0.4492809627816015,0.7794848938984996,Narino,False,False,False
2008-08-12,0.4466164955417263,0.7875731924240499,Narino,False,False,False
2008-08-28,0.4684676786603405,0.7298506764964355,Narino,False,False,False
2008-09-13,0.4555864247327069,0.7016727925612337,Narino,False,False,False
2008-09-29,0.4361295502164368,0.6970989651976468,Narino,False,False,False
2008-10-15,0.456615153042963,0.7239959043555696,Narino,False,False,False
2008-10-31,0.4517603681348748,0.7217163862011375,Narino,False,False,False
2008-11-16,0.4501257348933616,0.781879358222365,Narino,False,False,False
2008-12-02,0.4834396822121775,0.7660245070589817,Narino,False,False,False
2008-12-18,0.4578078296746475,0.7580078723334018,Narino,False,False,False
2009-01-01,0.4962047456059987,0.7782791260636902,Narino,False,False,False
2009-01-17,0.4614983704491223,0.7769683897005581,Narino,False,False,False
2009-02-02,0.5039787348770512,0.7879160507031613,Narino,False,False,False
2009-02-18,0.5071482774860748,0.7677154782379706,Narino,False,False,False
2009-03-06,0.5444173890622007,0.7575312742711175,Narino,False,False,False
2009-03-22,0.5228393617221228,0.785890155681449,Narino,False,False,False
2009-04-07,0.5552622816060817,0.7850614469163313,Narino,False,False,False
2009-04-23,0.5132628363905538,0.7838260300767381,Narino,False,False,False
2009-05-09,0.5029841373208099,0.7812217177094701,Narino,False,False,False
2009-05-25,0.4523542771054425,0.7499520500393104,Narino,False,False,False
2009-06-10,0.4888200035854605,0.7894770921595727,Narino,False,False,False
2009-06-26,0.4936669909891261,0.7678321226358226,Narino,False,False,False
2009-07-12,0.4647304737264227,0.7511491281975075,Narino,False,False,False
2009-07-28,0.4685613905827888,0.7477926953356447,Narino,False,False,False
2009-08-13,0.4354377847545083,0.7342908057643083,Narino,False,False,False
2009-08-29,0.4270790527581424,0.7323211879217062,Narino,False,False,False
2009-09-14,0.4527147224797633,0.6717639582892799,Narino,False,False,False
2009-09-30,0.4569860620524327,0.661917693675001,Narino,False,False,False
2009-10-16,0.4580890794341555,0.6916124520712434,Narino,False,False,False
2009-11-01,0.4662950933043521,0.7285244818496504,Narino,False,False,False
2009-11-17,0.4580690712242569,0.7464099033703183,Narino,False,False,False
2009-12-03,0.4323215858579402,0.7733994988135272,Narino,False,False,False
2009-12-19,0.4266729632490376,0.7703018705232637,Narino,False,False,False
2010-01-01,0.4407548889845921,0.7738473595919584,Narino,False,False,False
2010-01-17,0.5001968653082114,0.729299626962121,Narino,False,False,False
2010-02-02,0.4977515586817282,0.7715005000181591,Narino,False,False,False
2010-02-18,0.397174293365244,0.7976934193470591,Narino,False,False,False
2010-03-06,0.5041139805042386,0.721543558007423,Narino,False,False,False
2010-03-22,0.4710038135949658,0.7623730209977682,Narino,False,False,False
2010-04-07,0.5401440781213322,0.8023864783598793,Narino,False,False,False
2010-04-23,0.4768787813060525,0.7955862786870991,Narino,False,False,False
2010-05-09,0.5039208872476529,0.7624817190241077,Narino,False,False,False
2010-05-25,0.4654155659399809,0.768685587641468,Narino,False,False,False
2010-06-10,0.4686831811413645,0.8126083049263231,Narino,False,False,False
2010-06-26,0.4789798669080943,0.8007128600153909,Narino,False,False,False
2010-07-12,0.429977264554726,0.7920914128565003,Narino,False,False,False
2010-07-28,0.4773234865593863,0.771751483933713,Narino,False,False,False
2010-08-13,0.4432609805747495,0.7389630868721244,Narino,False,False,False
2010-08-29,0.4217738033077866,0.7242581959308314,Narino,False,False,False
2010-09-14,0.4294778927236832,0.7401172999753615,Narino,False,False,False
2010-09-30,0.4516498635425426,0.6956108662382292,Narino,False,False,False
2010-10-16,0.4760561681449514,0.6984474342270456,Narino,False,False,False
2010-11-01,0.4477817834506951,0.7018444374520301,Narino,False,False,False
2010-11-17,0.4635191932582256,0.7255951430127429,Narino,False,False,False
2010-12-03,0.4475164105256835,0.7494047108244483,Narino,False,False,False
2010-12-19,0.4715937281402461,0.7486150248199788,Narino,False,False,False
2011-01-01,0.4638142623291712,0.7643750291775262,Narino,False,False,False
2011-01-17,0.4952539122856639,0.7327848744255979,Narino,False,False,False
2011-02-02,0.4683713474061712,0.7500442244123954,Narino,False,False,False
2011-02-18,0.4825300896196401,0.7795170560675693,Narino,False,False,False
2011-03-06,0.4794742530767505,0.7875414312462016,Narino,False,False,False
2011-03-22,0.5187419817754233,0.7864441346770119,Narino,False,False,False
2011-04-07,0.499305506403622,0.8101722621742234,Narino,False,False,False
2011-04-23,0.4738752354723387,0.7879330714147144,Narino,False,False,False
2011-05-09,0.5008447362975859,0.7612471403225142,Narino,False,False,False
2011-05-25,0.4812158009062815,0.796564607282176,Narino,False,False,False
2011-06-10,0.4267453398103401,0.779584405819491,Narino,False,False,False
2011-06-26,0.5042716835164971,0.8082107438175036,Narino,False,False,False
2011-07-12,0.5178789272708508,0.7950877797143061,Narino,False,False,False
2011-07-28,0.4812173975541446,0.7312685788602653,Narino,False,False,False
2011-08-13,0.4922012979544494,0.7815695603444368,Narino,False,False,False
2011-08-29,0.4957985390821138,0.7535097399611842,Narino,False,False,False
2011-09-14,0.5326774629613118,0.7212771065492097,Narino,False,False,False
2011-09-30,0.4642115952847076,0.6996639929257263,Narino,False,False,False
2011-10-16,0.4746843768130963,0.7584369232582471,Narino,False,False,False
2011-11-01,0.453528789988655,0.7444145755532926,Narino,False,False,False
2011-11-17,0.4965849595766412,0.7540209114112303,Narino,False,False,False
2011-12-03,0.4446630612537559,0.7828223060466738,Narino,False,False,False
2011-12-19,0.4391527519996265,0.7621630228940923,Narino,False,False,False
2012-01-01,0.46212309574138,0.7910099964335368,Narino,False,False,False
2012-01-17,0.4429680430026854,0.8194935553254954,Narino,False,False,False
2012-02-02,0.4875544359130322,0.7703110600489409,Narino,False,False,False
2012-02-18,0.5026040417348355,0.7751589050207899,Narino,False,False,False
2012-03-05,0.5073660566348226,0.7686843290288201,Narino,False,False,False
2012-03-21,0.5138765926762918,0.7687984166519873,Narino,False,False,False
2012-04-06,0.5561751562709671,0.7848143221499022,Narino,False,False,False
2012-04-22,0.5472753561355873,0.810592445020695,Narino,False,False,False
2012-05-08,0.4673237869258977,0.7973810169523332,Narino,False,False,False
2012-05-24,0.4970955005900151,0.756192802373679,Narino,False,False,False
2012-06-09,0.5062994581200561,0.806214209325291,Narino,False,False,False
2012-06-25,0.4940396074370471,0.7894282027543993,Narino,False,False,False
2012-07-11,0.4597698288799995,0.7490531591191513,Narino,False,False,False
2012-07-27,0.4086016411016116,0.7129676352929671,Narino,False,False,False
2012-08-12,0.4242108793225634,0.7051987368701071,Narino,False,False,False
2012-08-28,0.4109008209933493,0.650198373251995,Narino,False,False,False
2012-09-13,0.4202531523491029,0.6867829275155914,Narino,False,False,False
2012-09-29,0.3478471803655316,0.6057588527510747,Narino,False,False,False
2012-10-15,0.4243547956992765,0.6679747675344326,Narino,False,False,False
2012-10-31,0.4417435336976537,0.7203907227642455,Narino,False,False,False
2012-11-16,0.4374621145154205,0.7206428852300556,Narino,False,False,False
2012-12-02,0.4618068688575077,0.7707564220308443,Narino,False,False,False
2012-12-18,0.5061542485884445,0.756915152897089,Narino,False,False,False
2013-01-01,0.4998962847600438,0.751206594031368,Narino,False,False,False
2013-01-17,0.4701597663519664,0.7387114543122436,Narino,False,False,False
2013-02-02,0.4921196989969167,0.7475745749050576,Narino,False,False,False
2013-02-18,0.5448197995830326,0.7996219936590648,Narino,False,False,False
2013-03-06,0.4579644472139385,0.7950060846657832,Narino,False,False,False
2013-03-22,0.5274214614008431,0.7815748546016841,Narino,False,False,False
2013-04-07,0.4870360716024594,0.7756462312465701,Narino,False,False,False
2013-04-23,0.4476237928133704,0.7842606138630038,Narino,False,False,False
2013-05-09,0.4547694726524982,0.7646364894531394,Narino,False,False,False
2013-05-25,0.514091755419987,0.7893386261910514,Narino,False,False,False
2013-06-10,0.4684886800341988,0.7568990955518925,Narino,False,False,False
2013-06-26,0.5081532138030246,0.8000713260065285,Narino,False,False,False
2013-07-12,0.4615206997186077,0.7261401897811944,Narino,False,False,False
2013-07-28,0.4599002150216876,0.7178528916841722,Narino,False,False,False
2013-08-13,0.4690870538493509,0.7401242201800355,Narino,False,False,False
2013-08-29,0.4281111312270209,0.7032804580088392,Narino,False,False,False
2013-09-14,0.4563967903575639,0.6986301471887096,Narino,False,False,False
2013-09-30,0.4252056266190788,0.7057940730040696,Narino,False,False,False
2013-10-16,0.43220107550887,0.7278833508310726,Narino,False,False,False
2013-11-01,0.4581628761296075,0.7105833663355006,Narino,False,False,False
2013-11-17,0.4656828397189499,0.768109236679597,Narino,False,False,False
2013-12-03,0.4582069191927898,0.7567108979556891,Narino,False,False,False
2013-12-19,0.5111520907990071,0.7708468097067471,Narino,False,False,False
2014-01-01,0.5043012475920082,0.7551960570016057,Narino,False,False,False
2014-01-17,0.4555890284198508,0.7808822469665883,Narino,False,False,False
2014-02-02,0.4960420134790127,0.7454350382483759,Narino,False,False,False
2014-02-18,0.5230970914701567,0.7985754242161157,Narino,False,False,False
2014-03-06,0.5630363624096777,0.811120025726012,Narino,False,False,False
2014-03-22,0.4486818864061326,0.7848304030729594,Narino,False,False,False
2014-04-07,0.4863422102059278,0.7796348531534216,Narino,False,False,False
2014-04-23,0.464132217133063,0.8209770676422692,Narino,False,False,False
2014-05-09,0.5146220643337744,0.8089825611342231,Narino,False,False,False
2014-05-25,0.5050296323913516,0.7800823522722307,Narino,False,False,False
2014-06-10,0.4858519344368271,0.8018044779798247,Narino,False,False,False
2014-06-26,0.4871201117797041,0.7919427403096365,Narino,False,False,False
2014-07-12,0.4644715466854974,0.7530803422210004,Narino,False,False,False
2014-07-28,0.4443923318576774,0.7402088697808861,Narino,False,False,False
2014-08-13,0.5008490526649784,0.7065556033120559,Narino,False,False,False
2014-08-29,0.4350782078126043,0.7110641425131214,Narino,False,False,False
2014-09-14,0.4475447865663381,0.7141228900666747,Narino,False,False,False
2014-09-30,0.4271763336328569,0.7032948879790989,Narino,False,False,False
2014-10-16,0.4546654566317144,0.766186879263363,Narino,False,False,False
2014-11-01,0.4735642624190005,0.753238363406637,Narino,False,False,False
2014-11-17,0.5256128763530243,0.7894653991241725,Narino,False,False,False
2014-12-03,0.4863572878709775,0.7892679485708433,Narino,False,False,False
2014-12-19,0.4329360224400678,0.7968244723125587,Narino,False,False,False
2015-01-01,0.4862279661163095,0.7839003302141401,Narino,False,False,False
2015-01-17,0.5399911975830974,0.803424440110314,Narino,False,False,False
2015-02-02,0.4718250780941834,0.7487167833982529,Narino,False,False,False
2015-02-18,0.5116153821151874,0.7681571705539239,Narino,False,False,False
2015-03-06,0.5076861636802725,0.7765375114983376,Narino,False,False,False
2015-03-22,0.5166296469407133,0.7770810730733719,Narino,False,False,False
2015-04-07,0.5250583007001228,0.7853239956339912,Narino,False,False,False
2015-04-23,0.520876513151804,0.7872322641090524,Narino,False,False,False
2015-05-09,0.513322043979123,0.785878005135578,Narino,False,False,False
2015-05-25,0.4769725876070703,0.7986507258531387,Narino,False,False,False
2015-06-10,0.4676974365540202,0.8051302160842315,Narino,False,False,False
2015-06-26,0.4628568606219972,0.7524589420986657,Narino,False,False,False
2015-07-12,0.4961251013498842,0.7945996712660708,Narino,False,False,False
2015-07-28,0.4245045646576235,0.7197327784032573,Narino,False,False,False
2015-08-13,0.4287504453234865,0.709846178252241,Narino,False,False,False
2015-08-29,0.4185124186323155,0.6808586625236402,Narino,False,False,False
2015-09-14,0.4243473299974191,0.6813184971257421,Narino,False,False,False
2015-09-30,0.4247959608910475,0.8066481825441156,Narino,False,False,False
2015-10-16,0.3970806209197859,0.7135985022250475,Narino,False,False,False
2015-11-01,0.4766887564373358,0.7526641929292152,Narino,False,False,False
2015-11-17,0.4965169347350515,0.7846330956902431,Narino,False,False,False
2015-12-03,0.4613322769473187,0.7851149515865052,Narino,False,False,False
2015-12-19,0.4910231632352662,0.7760426569206605,Narino,False,False,False
2016-01-01,0.4921367574290486,0.7689874473100567,Narino,False,False,False
2016-01-17,0.4738027467245126,0.7497091413677169,Narino,False,False,False
2016-02-02,0.4505774474276499,0.7739646430446552,Narino,False,False,False
2016-02-18,0.4268564102564103,0.6932692307692305,Narino,False,False,False
2016-03-05,0.4975189470248733,0.7354475234215045,Narino,False,False,False
2016-03-21,0.4824035662325002,0.786579359755083,Narino,False,False,False
2016-04-06,0.5432697573234253,0.771407524327294,Narino,False,False,False
2016-04-22,0.4714114764395749,0.8227043149170854,Narino,False,False,False
2016-05-08,0.518095371122966,0.7831580594041231,Narino,False,False,False
2016-05-24,0.4501594109269907,0.7860007712932132,Narino,False,False,False
2016-06-09,0.4858094843674243,0.7590753462399589,Narino,False,False,False
2016-06-25,0.4544351993418174,0.7656550889329539,Narino,False,False,False
2016-07-11,0.4260168271345456,0.7206901808313435,Narino,False,False,False
2016-07-27,0.4323825554959417,0.7215811300195507,Narino,False,False,False
2016-08-12,0.4280998639099014,0.7340182513813348,Narino,False,False,False
2016-08-28,0.4111707584024503,0.6608429046025869,Narino,False,False,False
2016-09-13,0.4405789892610149,0.7022184226329272,Narino,False,False,False
2016-09-29,0.4174925200020661,0.6456131246840086,Narino,False,False,False
2016-10-15,0.444403747807871,0.7221007189228018,Narino,False,False,False
2016-10-31,0.4258373477060932,0.7501309825631789,Narino,False,False,False
2016-11-16,0.4774602250143177,0.7628092538469772,Narino,False,False,False
2016-12-02,0.5029931153411529,0.7643713295981117,Narino,False,False,False
2016-12-18,0.479499900224997,0.7847201998738376,Narino,False,False,False
2017-01-01,0.5072150944672594,0.7686090963584771,Narino,False,False,False
2017-01-17,0.4432071570880774,0.8278582941264285,Narino,False,False,False
2017-02-02,0.4343017007563971,0.7925637321947756,Narino,False,False,False
2017-02-18,0.4756496122499692,0.8197480166731336,Narino,False,False,False
2017-03-06,0.4563576827531163,0.8048061790624113,Narino,False,False,False
2017-03-22,0.4744948612087884,0.797524429355679,Narino,False,False,False
2017-04-07,0.4688935318297799,0.8115346042417061,Narino,False,False,False
2017-04-23,0.4811323873314603,0.8347214600296188,Narino,False,False,False
2017-05-09,0.5108241475150954,0.8142437173039463,Narino,False,False,False
2017-05-25,0.491573687335434,0.8238197286035903,Narino,False,False,False
2017-06-10,0.4969390263913829,0.7838980211793383,Narino,False,False,False
2017-06-26,0.4889642624662827,0.7883165608209148,Narino,False,False,False
2017-07-12,0.4782092955919793,0.767783314960954,Narino,False,False,False
2017-07-28,0.4504140292042261,0.7568211392919965,Narino,False,False,False
2017-08-13,0.4812346130545767,0.7376985926092172,Narino,False,False,False
2017-08-29,0.4791382370715241,0.7425246577938819,Narino,False,False,False
2017-09-14,0.4583344476342371,0.6915775656869416,Narino,False,False,False
2017-09-30,0.4532599640265036,0.6948557505429264,Narino,False,False,False
2017-10-16,0.4797162004583333,0.6868349786615265,Narino,False,False,False
2017-11-01,0.4767208360495162,0.7196887844390515,Narino,False,False,False
2017-11-17,0.4580294412265323,0.735314526075179,Narino,False,False,False
2017-12-03,0.4028227833889481,0.7988946792622243,Narino,False,False,False
2017-12-19,0.4486453581797909,0.7642431489395102,Narino,False,False,False
2018-01-01,0.475006983260976,0.7793911864624988,Narino,False,False,False
2018-01-17,0.4839558058895903,0.7607530578274642,Narino,False,False,False
2018-02-02,0.4892180512943747,0.7617060943372939,Narino,False,False,False
2018-02-18,0.5312573154716009,0.7814442459897101,Narino,False,False,False
2018-03-06,0.4914129212612562,0.7716405183655477,Narino,False,False,False
2018-03-22,0.5017180133301975,0.7588079406876509,Narino,False,False,False
2018-04-07,0.4839430230809157,0.7535775723666082,Narino,False,False,False
2018-04-23,0.4902195701407648,0.7809301748480773,Narino,False,False,False
2018-05-09,0.4986304492529204,0.7942766528918502,Narino,False,False,False
2018-05-25,0.4544918012052598,0.7748892313944092,Narino,False,False,False
2018-06-10,0.4606650532440899,0.7529997418674801,Narino,False,False,False
2018-06-26,0.4486288627664739,0.7683868874412425,Narino,False,False,False
2018-07-12,0.4548066405761846,0.7597245432113208,Narino,False,False,False
2018-07-28,0.4520918548190655,0.7624477815762554,Narino,False,False,False
2018-08-13,0.4429301347101562,0.7079638977461944,Narino,False,False,False
2018-08-29,0.4285085069175384,0.7138136907545363,Narino,False,False,False
2018-09-14,0.4611759067541093,0.6812481197617031,Narino,False,False,False
2018-09-30,0.4768990942393,0.7385991061748908,Narino,False,False,False
2018-10-16,0.4260534550997179,0.7429594106959201,Narino,False,False,False
2018-11-01,0.4646300155965436,0.7126795253841809,Narino,False,False,False
2018-11-17,0.4721368252405422,0.7521969610900948,Narino,False,False,False
2018-12-03,0.4974858887668287,0.7903122567486968,Narino,False,False,False
2018-12-19,0.4850316280024747,0.7680767528598793,Narino,False,False,False
2019-01-01,0.4861917108964905,0.8081134648762236,Narino,False,False,False
2019-01-17,0.4407582674634694,0.7757281145185797,Narino,False,False,False
2019-02-02,0.4561275860122358,0.7319716340032052,Narino,False,False,False
2019-02-18,0.4346720782630101,0.7883826770936665,Narino,False,False,False
2019-03-06,0.4845776648110126,0.7391850002686904,Narino,False,False,False
2019-03-22,0.5284883150836547,0.7903043603549895,Narino,False,False,False
2019-04-07,0.4822531952431044,0.8085111570433491,Narino,False,False,False
2019-04-23,0.5041160694453561,0.7644906184473492,Narino,False,False,False
2019-05-09,0.498830376255239,0.780904410785993,Narino,False,False,False
2019-05-25,0.4984426198169831,0.7818792784006497,Narino,False,False,False
2019-06-10,0.4845716424346153,0.775510903826889,Narino,False,False,False
2019-06-26,0.4791271050204327,0.7691864844857779,Narino,False,False,False
2019-07-12,0.4743128369418842,0.7787380892260892,Narino,False,False,False
2019-07-28,0.4579335018573395,0.7365213479722815,Narino,False,False,False
2019-08-13,0.4527972905015792,0.7146845356092585,Narino,False,False,False
2019-08-29,0.4267648163286166,0.6846676339100123,Narino,False,False,False
2019-09-14,0.39849039606278,0.6543142632817207,Narino,False,False,False
2019-09-30,0.3882524245697298,0.7152654780237706,Narino,False,False,False
2019-10-16,0.4692455760953006,0.765977646266622,Narino,False,False,False
2019-11-01,0.4707174713442564,0.7660039896221593,Narino,False,False,False
2019-11-17,0.5029951316100431,0.7466932867830763,Narino,False,False,False
2019-12-03,0.494062156837751,0.7691112283227712,Narino,False,False,False
2019-12-19,0.5260361321930873,0.7733189647070956,Narino,False,False,False
2020-01-01,0.4480129966630797,0.8081692410824285,Narino,False,False,False
2020-01-17,0.503643509295464,0.7610612433023954,Narino,False,False,False
2020-02-02,0.5141751653267457,0.7868267493739703,Narino,False,False,False
2020-02-18,0.4600439445093934,0.7697310880642947,Narino,False,False,False
2020-03-05,0.4795627042059825,0.7713182324581713,Narino,False,False,False
2020-03-21,0.5102278344908786,0.8049697835585304,Narino,False,False,False
2020-04-06,0.4777352133505734,0.7895641290942365,Narino,False,False,False
2020-04-22,0.5021755565330859,0.7950082907398356,Narino,False,False,False
2020-05-08,0.4760534737112743,0.8110722558212468,Narino,False,False,False
2020-05-24,0.480116642976261,0.8125067634257628,Narino,False,False,False
2020-06-09,0.4907703845600287,0.7745694933697995,Narino,False,False,False
2020-06-25,0.4468910521269542,0.8001804307718987,Narino,False,False,False
2020-07-11,0.4878000762472645,0.804465534537885,Narino,False,False,False
2020-07-27,0.4568011215798911,0.7552286920346939,Narino,False,False,False
2020-08-12,0.4237645490460413,0.7599657429489538,Narino,False,False,False
2020-08-28,0.4759576263326628,0.7520789580729947,Narino,False,False,False
2020-09-13,0.4851655551675243,0.7366553385714512,Narino,False,False,False
2020-09-29,0.4839506020592709,0.7007488652841213,Narino,False,False,False
2020-10-15,0.4526281573569468,0.7007009276288366,Narino,False,False,False
2020-10-31,0.4584067955214032,0.7450186096664053,Narino,False,False,False
2020-11-16,0.4544148034346111,0.7287292543580743,Narino,False,False,False
2020-12-02,0.4590364660995266,0.7478296097636574,Narino,False,False,False
2020-12-18,0.4597795918722813,0.7847215334196828,Narino,False,False,False
2021-01-01,0.4832680154835181,0.786947899808271,Narino,False,False,False
2021-01-17,0.4622978325317822,0.7843829095032188,Narino,False,False,False
2021-02-02,0.4529594797390659,0.7825497598501564,Narino,False,False,False
2021-02-18,0.5524911727326721,0.770366573258175,Narino,False,False,False
2021-03-06,0.5136986039847053,0.7892099846765211,Narino,False,False,False
2021-03-22,0.5470396555018538,0.7813492715664024,Narino,False,False,False
2021-04-07,0.4834070883897554,0.8094334212816441,Narino,False,False,False
2021-04-23,0.5128713925428151,0.7704980167401065,Narino,False,False,False
2021-05-09,0.4906899823245564,0.760269857917773,Narino,False,False,False
2021-05-25,0.4971477176692706,0.7804266504233819,Narino,False,False,False
2021-06-10,0.4701470699530236,0.8076852266573726,Narino,False,False,False
2021-06-26,0.4721118516653702,0.7978080578351179,Narino,False,False,False
2021-07-12,0.4625497091511398,0.7767582879396167,Narino,False,False,False
2021-07-28,0.4661927019944742,0.773934230771066,Narino,False,False,False
2021-08-13,0.4269398172841646,0.7813281047964434,Narino,False,False,False
2021-08-29,0.5185917018739097,0.7362692470450716,Narino,False,False,False
2021-09-14,0.4954219579367739,0.7493170885188631,Narino,False,False,False
2021-09-30,0.4786473699743025,0.7325951019023361,Narino,False,False,False
2021-10-16,0.4952802911967174,0.7523616920081544,Narino,False,False,False
2021-11-01,0.4702548571246718,0.7607821170871679,Narino,False,False,False
2021-11-17,0.509234618020362,0.7512173107597677,Narino,False,False,False
2021-12-03,0.4568524475484793,0.7512729875285041,Narino,False,False,False
2021-12-19,0.4931187666613144,0.7576259218966296,Narino,False,False,False
2022-01-01,0.4910209759841725,0.7780875493073621,Narino,False,False,False
2022-01-17,0.5396042240156083,0.7693517166777379,Narino,False,False,False
2022-02-02,0.452368902542492,0.7483445917633468,Narino,False,False,False
2022-02-18,0.485530664754099,0.7696745231426313,Narino,False,False,False
2022-03-06,0.5439372657399129,0.7763949249754535,Narino,False,False,False
2022-03-22,0.5537338836661999,0.8001022255050375,Narino,False,False,False
2022-04-07,0.5257717306863953,0.7709898242536007,Narino,False,False,False
2022-04-23,0.5050639973102077,0.7952517480280862,Narino,False,False,False
2022-05-09,0.4759751898196668,0.7892861648631325,Narino,False,False,False
2022-05-25,0.4514401763950036,0.7900755104887794,Narino,False,False,False
2022-06-10,0.4727940271112579,0.8068387316978383,Narino,False,False,False
2022-06-26,0.4751676968789498,0.7757032778736491,Narino,False,False,False
2022-07-12,0.4949582609207783,0.7630634497309619,Narino,False,False,False
2022-07-28,0.4626116084979339,0.7928036257658915,Narino,False,False,False
2022-08-13,0.4823968888102768,0.7665596309689905,Narino,False,False,False
2022-08-29,0.4536059599650222,0.7500236980225033,Narino,False,False,False
2022-09-14,0.4597177745798196,0.7271712852408487,Narino,False,False,False
2022-09-30,0.4695919324049452,0.7368495770581245,Narino,False,False,False
2022-10-16,0.4136141108999824,0.737827060238672,Narino,False,False,False
2022-11-01,0.4829923695862411,0.7552129063430925,Narino,False,False,False
2022-11-17,0.4645349072304387,0.7621581305267368,Narino,False,False,False
2022-12-03,0.4841928131283179,0.7613380198791578,Narino,False,False,False
2022-12-19,0.4465637553072539,0.7790539528129963,Narino,False,False,False
2023-01-01,0.4332771566754938,0.7848148962038428,Narino,False,False,False
2023-01-17,0.4564376434279079,0.7630551166904223,Narino,False,False,False
2023-02-02,0.4950672549963889,0.7611564625564761,Narino,False,False,False
2023-02-18,0.4788534666819771,0.7892245782209891,Narino,False,False,False
2023-03-06,0.4635156127142696,0.8371543106744326,Narino,False,False,False
2023-03-22,0.4851430782391415,0.8166778145129552,Narino,False,False,False
2023-04-07,0.4984665826201588,0.8015741741646673,Narino,False,False,False
2023-04-23,0.5015871873135984,0.8105752465394329,Narino,False,False,False
2023-05-09,0.5326810558052426,0.8099775657979239,Narino,False,False,False
2023-05-25,0.4834169306994454,0.798486615000995,Narino,False,False,False
2023-06-10,0.5055759010744318,0.790108739188214,Narino,False,False,False
2023-06-26,0.486459489289821,0.7925269028511727,Narino,False,False,False
2023-07-12,0.4389137226136872,0.8011926778113,Narino,False,False,False
2023-07-28,0.4468307367793712,0.7497794888854183,Narino,False,False,False
2023-08-13,0.4504407588228254,0.7745236545204034,Narino,False,False,False
2023-08-29,0.4713337151844477,0.7392885766335952,Narino,False,False,False
2023-09-14,0.4996609256583163,0.7112419170673081,Narino,False,False,False
2023-09-30,0.4137197390500833,0.713023978997586,Narino,False,False,False
2023-10-16,0.4107919976945878,0.7206185983542183,Narino,False,False,False
2023-11-01,0.4466644565791846,0.7449766465320552,Narino,False,False,False
2023-11-17,0.4912134348988904,0.780478225286901,Narino,False,False,False
2023-12-03,0.4276645625229336,0.7790742872535289,Narino,False,False,False
2023-12-19,0.5519013978368242,0.7973886489863969,Narino,False,False,False
2024-01-01,0.4587286706523763,0.8243590988909193,Narino,False,False,False
2024-01-17,0.5138923124539236,0.788685320423696,Narino,False,False,False
2024-02-02,0.5358780177206112,0.7696248764225289,Narino,False,False,False
2024-02-18,0.5386231449567719,0.7931440912200747,Narino,False,False,False
2024-03-05,0.5075672746719865,0.8027561910570894,Narino,False,False,False
2024-03-21,0.4519557397891597,0.7771374845714197,Narino,False,False,False
2024-04-06,0.5254559483167078,0.7697284869485281,Narino,False,False,False
2024-04-22,0.4852609450825926,0.7791608191294533,Narino,False,False,False
2024-05-08,0.5192401175920854,0.7870110458110888,Narino,False,False,False
2024-05-24,0.4442451009739648,0.8220244634201285,Narino,False,False,False
2024-06-09,0.4776153229383401,0.7977490092674979,Narino,False,False,False
2024-06-25,0.4429589308058414,0.796802516150556,Narino,False,False,False
2024-07-11,0.4930869516632595,0.7674974283555371,Narino,False,False,False
2024-07-27,0.4769714071543913,0.7797873949753297,Narino,False,False,False
2024-08-12,0.5558247936351232,0.7884486532207818,Narino,False,False,False
2024-08-28,0.489307805100967,0.7567870385634065,Narino,False,False,False
2024-09-13,0.4070054442137799,0.7013503402050145,Narino,False,False,False
2024-09-29,0.4076217986991505,0.7238585980443194,Narino,False,False,False
2024-10-15,0.3982499984140116,0.7433821795490245,Narino,False,False,False
2024-10-31,0.4176499090104879,0.7842154447931587,Narino,False,False,False
2024-11-16,0.4734381099640869,0.7464871229802027,Narino,False,False,False
2024-12-02,0.4446799390873094,0.7458404825354206,Narino,False,False,False
2024-12-18,0.5039788486134433,0.7805329209030317,Narino,False,False,False
2025-01-01,0.4735136296800559,0.7694172541935965,Narino,False,False,False
2025-01-17,0.498532013710629,0.8059306085006067,Narino,False,False,False
2025-02-02,0.4931878185460213,0.7589650033294117,Narino,False,False,False
2025-02-18,0.418496813202577,0.8206622393171751,Narino,False,False,False
2025-03-06,0.5063457777829138,0.8166316869973436,Narino,False,False,False
2025-03-22,0.5774134313321273,0.7958414866253279,Narino,False,False,False
2025-04-07,0.4336348742978341,0.8219692670031745,Narino,False,False,False
2025-04-23,0.5736920216868548,0.799688877558121,Narino,False,False,False
2025-05-09,0.4209543408200456,0.8107829873628989,Narino,False,False,False
2025-05-25,0.4790461084798691,0.7876095139936851,Narino,False,False,False
2025-06-10,0.4940473884375499,0.8052217582747085,Narino,False,False,False
2025-06-26,0.5131581741778372,0.8003966829631389,Narino,False,False,False
2025-07-12,0.4693385235658304,0.7687665039193023,Narino,False,False,False
2025-07-28,0.4824928554381634,0.767142491989368,Narino,False,False,False
2025-08-13,0.4076316262495009,0.7751522757392998,Narino,False,False,False
2025-08-29,0.4644543604602421,0.6888806817130507,Narino,False,False,False
2025-09-14,0.4777801269288178,0.7401202255274241,Narino,False,False,False
2025-09-30,0.4279741837744457,0.7176313086064788,Narino,False,False,False
2025-10-16,0.3965734321164599,0.7708115568360178,Narino,False,False,False
2025-11-01,0.423727715613765,0.7736712080647618,Narino,False,False,False
2025-11-17,0.4371693989011011,0.8010185295811625,Narino,False,False,False
2025-12-03,0.4300812855236081,0.7957602462210829,Narino,False,False,False
2025-12-19,0.41176663364254,0.7768896048020334,Narino,False,False,False
2026-01-01,0.3706595139047695,0.7793958893101032,Narino,False,False,False
2026-01-17,0.4247675521355048,0.7920123137511199,Narino,False,False,False
2026-02-02,0.3829487201951635,0.8099320983483903,Narino,False,False,False
2026-02-18,0.4881025807630436,0.7723693970874717,Narino,False,False,False
2026-03-06,0.4865883553533333,0.8111378222881978,Narino,False,False,False
2026-03-22,0.4842561857640305,0.7985183624848836,Narino,False,False,False
2026-04-07,0.4934580783504345,0.8095704901975581,Narino,False,False,False
2026-04-23,0.455510914297545,0.8288707794683708,Narino,False,False,False
2026-05-09,0.5177979485546964,0.8021753393247762,Narino,False,False,False
2026-05-25,0.49787681379918,0.8180515845817777,Narino,False,False,False
2026-06-10,0.5201971885257526,0.8010380430164543,Narino,False,False,False
2026-06-26,0.392151151935885,0.7901469275111648,Narino,False,False,False
2026-07-12,0.4456885936063053,0.8093283328660185,Narino,False,False,False
2026-07-28,0.4832806414899007,0.7569908067299395,Narino,False,False,False
