date,et_mm,region,et_mm_fuera_de_rango,es_duplicado
2000-03-01,3.418989262136443,Cauca,False,False
2000-04-01,3.5650692039805114,Cauca,False,False
2000-05-01,3.5287043415097195,Cauca,False,False
2000-06-01,3.627669258666594,Cauca,False,False
2000-07-01,3.71040277921328,Cauca,False,False
2000-08-01,3.723394021604889,Cauca,False,False
2000-09-01,3.504823360961528,Cauca,False,False
2000-10-01,3.874303178883212,Cauca,False,False
2000-11-01,4.216610783749903,Cauca,False,False
2000-12-01,4.012949605881914,Cauca,False,False
2001-01-01,3.746342102775248,Cauca,False,False
2001-02-01,4.006144948328578,Cauca,False,False
2001-03-01,3.637633833950477,Cauca,False,False
2001-04-01,3.934236866284416,Cauca,False,False
2001-05-01,3.802777520139181,Cauca,False,False
2001-06-01,3.823481062733597,Cauca,False,False
2001-07-01,3.680389545178594,Cauca,False,False
2001-08-01,3.704875008048752,Cauca,False,False
2001-09-01,3.582080106414047,Cauca,False,False
2001-10-01,4.098883074482614,Cauca,False,False
2001-11-01,4.107379960238825,Cauca,False,False
2001-12-01,3.7636693262123697,Cauca,False,False
2002-01-01,3.986114132067189,Cauca,False,False
2002-02-01,3.681361259228857,Cauca,False,False
2002-03-01,3.759562829281199,Cauca,False,False
2002-04-01,3.484393859357406,Cauca,False,False
2002-05-01,3.957713060664019,Cauca,False,False
2002-06-01,3.9352198457012544,Cauca,False,False
2002-07-01,3.982063992147399,Cauca,False,False
2002-08-01,3.640431516092693,Cauca,False,False
2002-09-01,3.6088964402769865,Cauca,False,False
2002-10-01,3.8440003058919774,Cauca,False,False
2002-11-01,3.896335150673416,Cauca,False,False
2002-12-01,3.5294802678266124,Cauca,False,False
2003-01-01,4.0695045551559,Cauca,False,False
2003-02-01,3.443683476790372,Cauca,False,False
2003-03-01,3.446518782836276,Cauca,False,False
2003-04-01,3.494727179797326,Cauca,False,False
2003-05-01,3.7015033469630265,Cauca,False,False
2003-06-01,3.7559640561973104,Cauca,False,False
2003-07-01,3.731586542295086,Cauca,False,False
2003-08-01,3.516372148326471,Cauca,False,False
2003-09-01,3.168343824920674,Cauca,False,False
2003-10-01,3.484401132382173,Cauca,False,False
2003-11-01,3.875321523773995,Cauca,False,False
2003-12-01,3.7166382090914176,Cauca,False,False
2004-01-01,3.834728611297142,Cauca,False,False
2004-02-01,3.5807160529629174,Cauca,False,False
2004-03-01,3.638952931204056,Cauca,False,False
2004-04-01,3.667816777967974,Cauca,False,False
2004-05-01,3.723809845527093,Cauca,False,False
2004-06-01,3.9252824380710414,Cauca,False,False
2004-07-01,3.674218734983852,Cauca,False,False
2004-08-01,3.5320819351058743,Cauca,False,False
2004-09-01,3.3588548643672063,Cauca,False,False
2004-10-01,3.616954632703896,Cauca,False,False
2004-11-01,3.6246285948450727,Cauca,False,False
2004-12-01,3.2081972321277634,Cauca,False,False
2005-01-01,3.747828997677245,Cauca,False,False
2005-02-01,3.7558034272337526,Cauca,False,False
2005-03-01,3.1262171489024566,Cauca,False,False
2005-04-01,3.6545012256345086,Cauca,False,False
2005-05-01,3.632618042977866,Cauca,False,False
2005-06-01,3.752147811809875,Cauca,False,False
2005-07-01,3.9027049772935607,Cauca,False,False
2005-08-01,3.473711978451825,Cauca,False,False
2005-09-01,3.172621113468593,Cauca,False,False
2005-10-01,3.812119896290111,Cauca,False,False
2005-11-01,3.6277808209106497,Cauca,False,False
2005-12-01,2.984664246481441,Cauca,False,False
2006-01-01,3.3596177006140686,Cauca,False,False
2006-02-01,3.607656248260432,Cauca,False,False
2006-03-01,3.519303607090936,Cauca,False,False
2006-04-01,3.650475742712975,Cauca,False,False
2006-05-01,3.996607162435776,Cauca,False,False
2006-06-01,3.757059074370006,Cauca,False,False
2006-07-01,3.662404119477045,Cauca,False,False
2006-08-01,3.6475178827712207,Cauca,False,False
2006-09-01,3.3616835253012662,Cauca,False,False
2006-10-01,3.5837930765309784,Cauca,False,False
2006-11-01,3.2067963081304844,Cauca,False,False
2006-12-01,3.5442394820357253,Cauca,False,False
2007-01-01,3.682182335186417,Cauca,False,False
2007-02-01,4.025877142709008,Cauca,False,False
2007-03-01,3.421070929957481,Cauca,False,False
2007-04-01,3.608225277896656,Cauca,False,False
2007-05-01,3.603164022429123,Cauca,False,False
2007-06-01,3.614758655071281,Cauca,False,False
2007-07-01,3.8166570126142,Cauca,False,False
2007-08-01,3.175044146740075,Cauca,False,False
2007-09-01,3.3461739236866324,Cauca,False,False
2007-10-01,3.4315313237645024,Cauca,False,False
2007-11-01,3.8459972095877633,Cauca,False,False
2007-12-01,3.331722292858024,Cauca,False,False
2008-01-01,3.3419151779005407,Cauca,False,False
2008-02-01,3.192552839252853,Cauca,False,False
2008-03-01,3.3482516408361,Cauca,False,False
2008-04-01,3.6651926380209288,Cauca,False,False
2008-05-01,3.5420702480119104,Cauca,False,False
2008-06-01,3.5081762187242216,Cauca,False,False
2008-07-01,3.526896958042565,Cauca,False,False
2008-08-01,3.4128739999955497,Cauca,False,False
2008-09-01,3.5276336452862043,Cauca,False,False
2008-10-01,3.759125406614229,Cauca,False,False
2008-11-01,3.561782831685155,Cauca,False,False
2008-12-01,3.326981915889638,Cauca,False,False
2009-01-01,2.996225302287617,Cauca,False,False
2009-02-01,3.2527234547751247,Cauca,False,False
2009-03-01,3.5099568679006707,Cauca,False,False
2009-04-01,3.5366904884782917,Cauca,False,False
2009-05-01,3.796084322726847,Cauca,False,False
2009-06-01,3.492235751792934,Cauca,False,False
2009-07-01,4.0097658132769,Cauca,False,False
2009-08-01,3.5263768698813123,Cauca,False,False
2009-09-01,3.736879440675344,Cauca,False,False
2009-10-01,3.851156121599156,Cauca,False,False
2009-11-01,3.940031021401185,Cauca,False,False
2009-12-01,3.393554111023936,Cauca,False,False
2010-01-01,3.857185497317413,Cauca,False,False
2010-02-01,3.4039398675250983,Cauca,False,False
2010-03-01,3.643606715015377,Cauca,False,False
2010-04-01,3.4844476667981183,Cauca,False,False
2010-05-01,3.5882570526070925,Cauca,False,False
2010-06-01,3.51627441665443,Cauca,False,False
2010-07-01,3.515655415529516,Cauca,False,False
2010-08-01,3.4826680803498182,Cauca,False,False
2010-09-01,3.4362808308869783,Cauca,False,False
2010-10-01,3.7430573643899008,Cauca,False,False
2010-11-01,3.221403923758705,Cauca,False,False
2010-12-01,3.05466984553089,Cauca,False,False
2011-01-01,3.5436228688112945,Cauca,False,False
2011-02-01,3.465397222294356,Cauca,False,False
2011-03-01,3.633384098358551,Cauca,False,False
2011-04-01,3.5575637854723348,Cauca,False,False
2011-05-01,3.557795481399622,Cauca,False,False
2011-06-01,3.442434642911841,Cauca,False,False
2011-07-01,3.664357440616867,Cauca,False,False
2011-08-01,3.567772132220827,Cauca,False,False
2011-09-01,3.476921015608918,Cauca,False,False
2011-10-01,3.547004584825552,Cauca,False,False
2011-11-01,3.6481163263872367,Cauca,False,False
2011-12-01,3.4216703052606894,Cauca,False,False
2012-01-01,3.0887346235918978,Cauca,False,False
2012-02-01,3.053535365326803,Cauca,False,False
2012-03-01,3.609410762391841,Cauca,False,False
2012-04-01,3.3010410993881205,Cauca,False,False
2012-05-01,3.394851450168912,Cauca,False,False
2012-06-01,3.5184125716621324,Cauca,False,False
2012-07-01,3.4360999468228868,Cauca,False,False
2012-08-01,3.2756879013864757,Cauca,False,False
2012-09-01,3.007943358591936,Cauca,False,False
2012-10-01,3.568495983179788,Cauca,False,False
2012-11-01,3.3974003017778225,Cauca,False,False
2012-12-01,3.5273304077158265,Cauca,False,False
2013-01-01,3.6774472353172656,Cauca,False,False
2013-02-01,3.336426413806852,Cauca,False,False
2013-03-01,3.5575721330203,Cauca,False,False
2013-04-01,3.454494717871493,Cauca,False,False
2013-05-01,3.328004911629633,Cauca,False,False
2013-06-01,3.990587109796581,Cauca,False,False
2013-07-01,3.5624117664559463,Cauca,False,False
2013-08-01,3.273736370516972,Cauca,False,False
2013-09-01,3.418740268954594,Cauca,False,False
2013-10-01,3.577197197011727,Cauca,False,False
2013-11-01,3.52594381919475,Cauca,False,False
2013-12-01,3.6062376464685215,Cauca,False,False
2014-01-01,3.4199863777520303,Cauca,False,False
2014-02-01,3.143500661263851,Cauca,False,False
2014-03-01,3.4836743199060245,Cauca,False,False
2014-04-01,3.3359153010127565,Cauca,False,False
2014-05-01,3.6656162505065866,Cauca,False,False
2014-06-01,3.712831822004262,Cauca,False,False
2014-07-01,3.85184916652592,Cauca,False,False
2014-08-01,3.3141984805189435,Cauca,False,False
2014-09-01,3.0596247239985623,Cauca,False,False
2014-10-01,3.442526622112331,Cauca,False,False
2014-11-01,3.563528989771944,Cauca,False,False
2014-12-01,3.7266738745731858,Cauca,False,False
2015-01-01,3.808305358739829,Cauca,False,False
2015-02-01,3.5017782926220966,Cauca,False,False
2015-03-01,3.535659523668373,Cauca,False,False
2015-04-01,3.449817020668527,Cauca,False,False
2015-05-01,3.640284903090985,Cauca,False,False
2015-06-01,3.73099194049281,Cauca,False,False
2015-07-01,3.3906377831668046,Cauca,False,False
2015-08-01,3.2828625792192385,Cauca,False,False
2015-09-01,3.202119919865859,Cauca,False,False
2015-10-01,3.400516136414499,Cauca,False,False
2015-11-01,3.577336817530896,Cauca,False,False
2015-12-01,4.2952463542477135,Cauca,False,False
2016-01-01,3.596223189338368,Cauca,False,False
2016-02-01,3.1725447508494766,Cauca,False,False
2016-03-01,3.386365790497532,Cauca,False,False
2016-04-01,3.6507120835350784,Cauca,False,False
2016-05-01,3.781046923642331,Cauca,False,False
2016-06-01,3.5907933821642346,Cauca,False,False
2016-07-01,3.393475699468939,Cauca,False,False
2016-08-01,3.297357466549519,Cauca,False,False
2016-09-01,3.210377775701168,Cauca,False,False
2016-10-01,3.813531956076861,Cauca,False,False
2016-11-01,3.7484795351947047,Cauca,False,False
2016-12-01,3.3249493141562225,Cauca,False,False
2017-01-01,3.254732648486564,Cauca,False,False
2017-02-01,3.7689290134518063,Cauca,False,False
2017-03-01,3.419509823993429,Cauca,False,False
2017-04-01,3.564231908897511,Cauca,False,False
2017-05-01,3.5507771222318274,Cauca,False,False
2017-06-01,3.289485648469975,Cauca,False,False
2017-07-01,3.7031463021024456,Cauca,False,False
2017-08-01,3.2759346539438483,Cauca,False,False
2017-09-01,3.0272757414746345,Cauca,False,False
2017-10-01,3.2560495363957336,Cauca,False,False
2017-11-01,3.609872982633064,Cauca,False,False
2017-12-01,3.560551851762514,Cauca,False,False
2018-01-01,3.2614979734508163,Cauca,False,False
2018-02-01,3.6333920349731184,Cauca,False,False
2018-03-01,3.5712145014183663,Cauca,False,False
2018-04-01,3.5606501425180603,Cauca,False,False
2018-05-01,3.428467167626384,Cauca,False,False
2018-06-01,3.631215360510581,Cauca,False,False
2018-07-01,3.4701302711424336,Cauca,False,False
2018-08-01,3.487303345911958,Cauca,False,False
2018-09-01,3.1059838735371064,Cauca,False,False
2018-10-01,3.864795657311528,Cauca,False,False
2018-11-01,3.336014352422981,Cauca,False,False
2018-12-01,3.955202617927087,Cauca,False,False
2019-01-01,3.457488308963385,Cauca,False,False
2019-02-01,3.178175785800693,Cauca,False,False
2019-03-01,3.37270810512092,Cauca,False,False
2019-04-01,3.447929054370507,Cauca,False,False
2019-05-01,3.4091259117354884,Cauca,False,False
2019-06-01,3.7578154387312073,Cauca,False,False
2019-07-01,3.5682609036324164,Cauca,False,False
2019-08-01,3.318840618429933,Cauca,False,False
2019-09-01,2.8695122829841537,Cauca,False,False
2019-10-01,3.2111952411038924,Cauca,False,False
2019-11-01,3.601095485828115,Cauca,False,False
2019-12-01,3.365496506158073,Cauca,False,False
2020-01-01,3.8139248211980807,Cauca,False,False
2020-02-01,3.5630178394295537,Cauca,False,False
2020-03-01,3.495219561978594,Cauca,False,False
2020-04-01,3.6368783611100968,Cauca,False,False
2020-05-01,3.617142909938024,Cauca,False,False
2020-06-01,3.709863135101278,Cauca,False,False
2020-07-01,3.611908153885536,Cauca,False,False
2020-08-01,3.675807299288601,Cauca,False,False
2020-09-01,3.4172975872754106,Cauca,False,False
2020-10-01,3.394502302197872,Cauca,False,False
2020-11-01,3.274487337228882,Cauca,False,False
2020-12-01,2.96751060879462,Cauca,False,False
2021-01-01,3.1550790928548795,Cauca,False,False
2021-02-01,3.4494299742287926,Cauca,False,False
2021-03-01,3.2162547193248745,Cauca,False,False
2021-04-01,3.518128995104836,Cauca,False,False
2021-05-01,3.84316097385208,Cauca,False,False
2021-06-01,3.5213345328822707,Cauca,False,False
2021-07-01,3.8304227584392345,Cauca,False,False
2021-08-01,3.4590478718489783,Cauca,False,False
2021-09-01,3.4550334275191203,Cauca,False,False
2021-10-01,3.601873821510233,Cauca,False,False
2021-11-01,3.448477705316086,Cauca,False,False
2021-12-01,3.4308748245736247,Cauca,False,False
2022-01-01,3.6094689634471417,Cauca,False,False
2022-02-01,3.4358801175382268,Cauca,False,False
2022-03-01,3.46933347743555,Cauca,False,False
2022-04-01,3.4393125297754965,Cauca,False,False
2022-05-01,3.627938925555101,Cauca,False,False
2022-06-01,3.3325937210379,Cauca,False,False
2022-07-01,3.333998264798107,Cauca,False,False
2022-08-01,3.8048640826064055,Cauca,False,False
2022-09-01,3.555648499899468,Cauca,False,False
2022-10-01,3.7187869079726186,Cauca,False,False
2022-11-01,3.5527117253478924,Cauca,False,False
2022-12-01,3.627105253527647,Cauca,False,False
2023-01-01,3.53370127278737,Cauca,False,False
2023-02-01,3.844627068038891,Cauca,False,False
2023-03-01,3.610095451317152,Cauca,False,False
2023-04-01,3.7412415072975183,Cauca,False,False
2023-05-01,3.965187452068636,Cauca,False,False
2023-06-01,3.971931382632607,Cauca,False,False
2023-07-01,3.608386463830685,Cauca,False,False
2023-08-01,3.432898349454675,Cauca,False,False
2023-09-01,3.253361943888373,Cauca,False,False
2023-10-01,3.3900702253063444,Cauca,False,False
2023-11-01,3.726413091459565,Cauca,False,False
2023-12-01,3.519779967499,Cauca,False,False
2024-01-01,4.133659654029701,Cauca,False,False
2024-02-01,3.345244797998724,Cauca,False,False
2024-03-01,3.5867765052273173,Cauca,False,False
2024-04-01,3.661179729476321,Cauca,False,False
2024-05-01,3.5989882753189417,Cauca,False,False
2024-06-01,3.59798719447128,Cauca,False,False
2024-07-01,3.872908637731753,Cauca,False,False
2024-08-01,3.65866614489197,Cauca,False,False
2024-09-01,3.208505367155302,Cauca,False,False
2024-10-01,3.946613356010336,Cauca,False,False
2024-11-01,3.589856453479544,Cauca,False,False
2024-12-01,3.4427805698422955,Cauca,False,False
2025-01-01,3.695344319939151,Cauca,False,False
2025-02-01,3.257379740212817,Cauca,False,False
2025-03-01,3.2339492872030697,Cauca,False,False
2025-04-01,3.329800731797032,Cauca,False,False
2025-05-01,3.563423300463284,Cauca,False,False
2025-06-01,3.352213320233042,Cauca,False,False
2025-07-01,3.473250209307371,Cauca,False,False
2025-08-01,3.263715077722791,Cauca,False,False
2025-09-01,2.997056646610516,Cauca,False,False
2025-10-01,3.2733527276433163,Cauca,False,False
2025-11-01,3.376603274703219,Cauca,False,False
2025-12-01,3.68157144220629,Cauca,False,False
2026-01-01,2.9366583111244102,Cauca,False,False
2026-02-01,3.1138165760580354,Cauca,False,False
2026-03-01,3.484729263708811,Cauca,False,False
2026-04-01,3.462979627799813,Cauca,False,False
2026-05-01,3.5144769173671824,Cauca,False,False
2026-06-01,3.2373574163810908,Cauca,False,False
2026-07-01,3.2182504709689925,Cauca,False,False
2000-03-01,3.460627913173419,Narino,False,False
2000-04-01,3.5749569886985717,Narino,False,False
2000-05-01,3.6193327641520208,Narino,False,False
2000-06-01,3.829529465748032,Narino,False,False
2000-07-01,3.9646464150007112,Narino,False,False
2000-08-01,4.233669894156371,Narino,False,False
2000-09-01,4.132982243578034,Narino,False,False
2000-10-01,4.061277552543985,Narino,False,False
2000-11-01,4.069037557813132,Narino,False,False
2000-12-01,3.711314055733881,Narino,False,False
2001-01-01,3.5613661691097085,Narino,False,False
2001-02-01,3.830936956126358,Narino,False,False
2001-03-01,3.627523006858324,Narino,False,False
2001-04-01,3.9668528797289926,Narino,False,False
2001-05-01,3.7960215866077327,Narino,False,False
2001-06-01,4.066030679019465,Narino,False,False
2001-07-01,3.944528461889054,Narino,False,False
2001-08-01,3.89774382853238,Narino,False,False
2001-09-01,3.746282272195157,Narino,False,False
2001-10-01,3.84894155519842,Narino,False,False
2001-11-01,3.6208452195447327,Narino,False,False
2001-12-01,3.65601998446576,Narino,False,False
2002-01-01,4.102100442196215,Narino,False,False
2002-02-01,3.8069614108547114,Narino,False,False
2002-03-01,3.907879470089419,Narino,False,False
2002-04-01,3.6826751514820137,Narino,False,False
2002-05-01,4.047230634449859,Narino,False,False
2002-06-01,3.907795202815468,Narino,False,False
2002-07-01,4.090372792074172,Narino,False,False
2002-08-01,3.493497096690328,Narino,False,False
2002-09-01,3.71321513408428,Narino,False,False
2002-10-01,4.146760339477689,Narino,False,False
2002-11-01,4.029245092005542,Narino,False,False
2002-12-01,3.5211858963370086,Narino,False,False
2003-01-01,3.589246071910007,Narino,False,False
2003-02-01,3.531280765793964,Narino,False,False
2003-03-01,3.829494792902,Narino,False,False
2003-04-01,3.7530884977267305,Narino,False,False
2003-05-01,4.021394541070857,Narino,False,False
2003-06-01,4.099387964254905,Narino,False,False
2003-07-01,4.067827111390858,Narino,False,False
2003-08-01,3.689900493324052,Narino,False,False
2003-09-01,3.747541442382293,Narino,False,False
2003-10-01,3.988363446315876,Narino,False,False
2003-11-01,4.24302937942397,Narino,False,False
2003-12-01,3.7800923009001743,Narino,False,False
2004-01-01,3.887116180547344,Narino,False,False
2004-02-01,3.5012637727175413,Narino,False,False
2004-03-01,3.8586041036933945,Narino,False,False
2004-04-01,3.733442664054106,Narino,False,False
2004-05-01,4.002273061993353,Narino,False,False
2004-06-01,3.944559076820149,Narino,False,False
2004-07-01,4.159955694459884,Narino,False,False
2004-08-01,3.797737526172942,Narino,False,False
2004-09-01,3.965081678224901,Narino,False,False
2004-10-01,4.149891926482385,Narino,False,False
2004-11-01,3.890489229778797,Narino,False,False
2004-12-01,3.4217387256671263,Narino,False,False
2005-01-01,3.9474462498703424,Narino,False,False
2005-02-01,3.8971072646083913,Narino,False,False
2005-03-01,3.20959817749378,Narino,False,False
2005-04-01,4.086221830821142,Narino,False,False
2005-05-01,4.062704575020046,Narino,False,False
2005-06-01,4.048686927661056,Narino,False,False
2005-07-01,4.109666704879164,Narino,False,False
2005-08-01,3.574440304083213,Narino,False,False
2005-09-01,3.254663928674701,Narino,False,False
2005-10-01,3.832503753200381,Narino,False,False
2005-11-01,3.643252015827714,Narino,False,False
2005-12-01,3.1251840454074182,Narino,False,False
2006-01-01,3.5448514742824964,Narino,False,False
2006-02-01,3.611724931119469,Narino,False,False
2006-03-01,3.702873574860313,Narino,False,False
2006-04-01,4.012056976480207,Narino,False,False
2006-05-01,4.28218338151912,Narino,False,False
2006-06-01,4.101888889355322,Narino,False,False
2006-07-01,3.923758005733309,Narino,False,False
2006-08-01,3.926979944802068,Narino,False,False
2006-09-01,4.150192341323619,Narino,False,False
2006-10-01,4.182419525787521,Narino,False,False
2006-11-01,3.9016673716685775,Narino,False,False
2006-12-01,3.863856493471344,Narino,False,False
2007-01-01,3.89028309667612,Narino,False,False
2007-02-01,4.270956130336989,Narino,False,False
2007-03-01,3.7121548164587255,Narino,False,False
2007-04-01,3.7155835128995434,Narino,False,False
2007-05-01,4.017294046973244,Narino,False,False
2007-06-01,3.921305299851329,Narino,False,False
2007-07-01,3.923576065582726,Narino,False,False
2007-08-01,3.8792174527161367,Narino,False,False
2007-09-01,3.73738890014496,Narino,False,False
2007-10-01,3.8679262484952273,Narino,False,False
2007-11-01,3.7877162226854986,Narino,False,False
2007-12-01,3.4972028206975923,Narino,False,False
2008-01-01,3.53308641258912,Narino,False,False
2008-02-01,3.40139220421805,Narino,False,False
2008-03-01,3.515667374035873,Narino,False,False
2008-04-01,3.9183215707707775,Narino,False,False
2008-05-01,3.782261929578148,Narino,False,False
2008-06-01,3.762839618393111,Narino,False,False
2008-07-01,4.061134685845409,Narino,False,False
2008-08-01,4.080798623170701,Narino,False,False
2008-09-01,4.200050545957539,Narino,False,False
2008-10-01,4.291839335859473,Narino,False,False
2008-11-01,3.838683960451596,Narino,False,False
2008-12-01,3.6678556446556856,Narino,False,False
2009-01-01,3.308996112214195,Narino,False,False
2009-02-01,3.516842214653141,Narino,False,False
2009-03-01,3.869957640531566,Narino,False,False
2009-04-01,3.9665225730662734,Narino,False,False
2009-05-01,4.341675767047835,Narino,False,False
2009-06-01,3.997748962220777,Narino,False,False
2009-07-01,4.488775134011478,Narino,False,False
2009-08-01,4.116311289001535,Narino,False,False
2009-09-01,4.230186900367101,Narino,False,False
2009-10-01,3.88601748178673,Narino,False,False
2009-11-01,3.9372306176482574,Narino,False,False
2009-12-01,3.506331887533361,Narino,False,False
2010-01-01,3.933317712238008,Narino,False,False
2010-02-01,3.556516074696768,Narino,False,False
2010-03-01,3.857352385036088,Narino,False,False
2010-04-01,3.6862203782779006,Narino,False,False
2010-05-01,3.7390834927272474,Narino,False,False
2010-06-01,3.709790501957848,Narino,False,False
2010-07-01,3.89189759572312,Narino,False,False
2010-08-01,3.860080573344606,Narino,False,False
2010-09-01,3.960531925406961,Narino,False,False
2010-10-01,4.128718399398822,Narino,False,False
2010-11-01,3.459200281888185,Narino,False,False
2010-12-01,3.070957290610965,Narino,False,False
2011-01-01,3.4384264427844475,Narino,False,False
2011-02-01,3.742559066482967,Narino,False,False
2011-03-01,4.089772092674616,Narino,False,False
2011-04-01,3.827601743859743,Narino,False,False
2011-05-01,3.880090487247626,Narino,False,False
2011-06-01,3.767598758694429,Narino,False,False
2011-07-01,4.166592172197364,Narino,False,False
2011-08-01,4.0543003313190304,Narino,False,False
2011-09-01,4.180981483906376,Narino,False,False
2011-10-01,3.954961527234618,Narino,False,False
2011-11-01,3.7045789178678494,Narino,False,False
2011-12-01,3.56062111755218,Narino,False,False
2012-01-01,3.2480159087733727,Narino,False,False
2012-02-01,3.3025302912839827,Narino,False,False
2012-03-01,3.902288392751788,Narino,False,False
2012-04-01,3.501564706843625,Narino,False,False
2012-05-01,3.705719736434496,Narino,False,False
2012-06-01,3.848039057207263,Narino,False,False
2012-07-01,4.044639627888446,Narino,False,False
2012-08-01,3.721167660216313,Narino,False,False
2012-09-01,3.1074841084285585,Narino,False,False
2012-10-01,3.858831665685584,Narino,False,False
2012-11-01,3.507698733309708,Narino,False,False
2012-12-01,3.655394375958324,Narino,False,False
2013-01-01,3.767757285567919,Narino,False,False
2013-02-01,3.5303317149179008,Narino,False,False
2013-03-01,3.791519274255782,Narino,False,False
2013-04-01,3.866609338770228,Narino,False,False
2013-05-01,3.648556049694033,Narino,False,False
2013-06-01,4.1720567045242944,Narino,False,False
2013-07-01,3.9893463100488256,Narino,False,False
2013-08-01,3.738632192201458,Narino,False,False
2013-09-01,3.642623258468981,Narino,False,False
2013-10-01,3.9892944503161742,Narino,False,False
2013-11-01,3.945975840180497,Narino,False,False
2013-12-01,3.741927729202181,Narino,False,False
2014-01-01,3.531631773234815,Narino,False,False
2014-02-01,3.255849365333757,Narino,False,False
2014-03-01,3.810149724538444,Narino,False,False
2014-04-01,3.867358772086435,Narino,False,False
2014-05-01,4.074844919893606,Narino,False,False
2014-06-01,3.903667190397902,Narino,False,False
2014-07-01,4.03467952964467,Narino,False,False
2014-08-01,3.546954273751596,Narino,False,False
2014-09-01,3.3524154951099896,Narino,False,False
2014-10-01,4.049305356722456,Narino,False,False
2014-11-01,3.814619882757611,Narino,False,False
2014-12-01,3.882661455159614,Narino,False,False
2015-01-01,3.937698124881494,Narino,False,False
2015-02-01,3.61487761276889,Narino,False,False
2015-03-01,3.854274538683736,Narino,False,False
2015-04-01,4.063226366204999,Narino,False,False
2015-05-01,3.858926262375429,Narino,False,False
2015-06-01,3.993304897121764,Narino,False,False
2015-07-01,3.911014307197843,Narino,False,False
2015-08-01,3.787764949403548,Narino,False,False
2015-09-01,3.535204395332101,Narino,False,False
2015-10-01,4.061372241616101,Narino,False,False
2015-11-01,4.143590366173451,Narino,False,False
2015-12-01,4.432104008636618,Narino,False,False
2016-01-01,3.728656154703528,Narino,False,False
2016-02-01,3.4464330749161047,Narino,False,False
2016-03-01,3.7587274151868977,Narino,False,False
2016-04-01,4.023918708910276,Narino,False,False
2016-05-01,4.288057966325615,Narino,False,False
2016-06-01,3.910968049841766,Narino,False,False
2016-07-01,3.8295385000502007,Narino,False,False
2016-08-01,3.2297903842845077,Narino,False,False
2016-09-01,3.6000150491634035,Narino,False,False
2016-10-01,4.077405985805695,Narino,False,False
2016-11-01,3.68641035186667,Narino,False,False
2016-12-01,3.2563667691095795,Narino,False,False
2017-01-01,3.571352192321296,Narino,False,False
2017-02-01,4.069420828182546,Narino,False,False
2017-03-01,3.872536987672896,Narino,False,False
2017-04-01,3.721860525913892,Narino,False,False
2017-05-01,3.86093035964374,Narino,False,False
2017-06-01,3.5999858044525426,Narino,False,False
2017-07-01,4.042952105929373,Narino,False,False
2017-08-01,3.623643269926207,Narino,False,False
2017-09-01,3.440903404034363,Narino,False,False
2017-10-01,3.670933528350809,Narino,False,False
2017-11-01,3.802370804133105,Narino,False,False
2017-12-01,3.370148563307196,Narino,False,False
2018-01-01,3.377029047114386,Narino,False,False
2018-02-01,3.6008731227047868,Narino,False,False
2018-03-01,3.9048133783703807,Narino,False,False
2018-04-01,3.934344626395629,Narino,False,False
2018-05-01,3.85173153269006,Narino,False,False
2018-06-01,3.987878477191224,Narino,False,False
2018-07-01,3.851548146392516,Narino,False,False
2018-08-01,3.489144809200001,Narino,False,False
2018-09-01,3.0553056687837854,Narino,False,False
2018-10-01,3.575138643478807,Narino,False,False
2018-11-01,3.548299456159786,Narino,False,False
2018-12-01,3.92529256625486,Narino,False,False
2019-01-01,3.691151855985785,Narino,False,False
2019-02-01,3.5012373180574383,Narino,False,False
2019-03-01,3.980516062277718,Narino,False,False
2019-04-01,3.750887942557134,Narino,False,False
2019-05-01,3.73033943434748,Narino,False,False
2019-06-01,3.993118658236405,Narino,False,False
2019-07-01,4.140136902801456,Narino,False,False
2019-08-01,3.7580184391594953,Narino,False,False
2019-09-01,2.9267832258411297,Narino,False,False
2019-10-01,3.8831543031648006,Narino,False,False
2019-11-01,3.851787974410626,Narino,False,False
2019-12-01,3.495826089467984,Narino,False,False
2020-01-01,3.79449745401001,Narino,False,False
2020-02-01,3.7741614495598186,Narino,False,False
2020-03-01,3.847770310010414,Narino,False,False
2020-04-01,4.065307900935204,Narino,False,False
2020-05-01,4.347055210807667,Narino,False,False
2020-06-01,4.065193805714923,Narino,False,False
2020-07-01,4.18230250650445,Narino,False,False
2020-08-01,4.101995139987028,Narino,False,False
2020-09-01,3.8260783919292334,Narino,False,False
2020-10-01,3.729948115788022,Narino,False,False
2020-11-01,3.5569103988905386,Narino,False,False
2020-12-01,3.320018074677239,Narino,False,False
2021-01-01,3.361924677743796,Narino,False,False
2021-02-01,3.6748715506100287,Narino,False,False
2021-03-01,3.714473567323077,Narino,False,False
2021-04-01,3.71782707582312,Narino,False,False
2021-05-01,4.147363034309351,Narino,False,False
2021-06-01,3.723069528253031,Narino,False,False
2021-07-01,4.348265124799079,Narino,False,False
2021-08-01,4.055696553200604,Narino,False,False
2021-09-01,4.276523971777574,Narino,False,False
2021-10-01,4.043048897621284,Narino,False,False
2021-11-01,3.714982834724256,Narino,False,False
2021-12-01,3.4837304340966826,Narino,False,False
2022-01-01,3.696346968946511,Narino,False,False
2022-02-01,3.67754476870973,Narino,False,False
2022-03-01,3.7164919685924818,Narino,False,False
2022-04-01,3.785276158224357,Narino,False,False
2022-05-01,3.951803174879197,Narino,False,False
2022-06-01,3.7300755587347423,Narino,False,False
2022-07-01,3.1392310860314825,Narino,False,False
2022-08-01,4.337179817608393,Narino,False,False
2022-09-01,4.21128616871578,Narino,False,False
2022-10-01,4.131011836536465,Narino,False,False
2022-11-01,3.715489806210328,Narino,False,False
2022-12-01,3.5869982250149244,Narino,False,False
2023-01-01,3.5568234265919707,Narino,False,False
2023-02-01,3.857792142819376,Narino,False,False
2023-03-01,3.860700543108249,Narino,False,False
2023-04-01,4.056949207790864,Narino,False,False
2023-05-01,3.976750942903538,Narino,False,False
2023-06-01,4.299429685572576,Narino,False,False
2023-07-01,4.218710320092345,Narino,False,False
2023-08-01,4.193699301597101,Narino,False,False
2023-09-01,4.225626030963613,Narino,False,False
2023-10-01,4.048243816018755,Narino,False,False
2023-11-01,4.155246020196052,Narino,False,False
2023-12-01,3.86777927553518,Narino,False,False
2024-01-01,3.8667799186245553,Narino,False,False
2024-02-01,3.601613637156309,Narino,False,False
2024-03-01,4.035582733545796,Narino,False,False
2024-04-01,3.808120701371623,Narino,False,False
2024-05-01,3.97980282296248,Narino,False,False
2024-06-01,3.925061092101153,Narino,False,False
2024-07-01,4.049195288313671,Narino,False,False
2024-08-01,4.01445970107961,Narino,False,False
2024-09-01,3.470620466607717,Narino,False,False
2024-10-01,4.509021429555518,Narino,False,False
2024-11-01,3.7305791368710217,Narino,False,False
2024-12-01,3.238488474100055,Narino,False,False
2025-01-01,3.893573725721153,Narino,False,False
2025-02-01,3.6938098207070023,Narino,False,False
2025-03-01,3.575210401306648,Narino,False,False
2025-04-01,3.658385648213721,Narino,False,False
2025-05-01,4.104168840245139,Narino,False,False
2025-06-01,3.600184890162491,Narino,False,False
2025-07-01,3.953218635919428,Narino,False,False
2025-08-01,3.604911983664766,Narino,False,False
2025-09-01,3.491631809661707,Narino,False,False
2025-10-01,3.8425151796806114,Narino,False,False
2025-11-01,3.6075506588898856,Narino,False,False
2025-12-01,4.033719067736019,Narino,False,False
2026-01-01,3.2235109404618822,Narino,False,False
2026-02-01,3.143255571962368,Narino,False,False
2026-03-01,3.8404125940015112,Narino,False,False
2026-04-01,4.1517367162284815,Narino,False,False
2026-05-01,4.114852904429436,Narino,False,False
2026-06-01,3.60719905976175,Narino,False,False
2026-07-01,3.7134042811410377,Narino,False,False
